id,genre,track_name,artist_name,valence,energy
3ohNs5SYgwCjnxl8QSjqvR,acoustic,Only Girl (In The World) (feat. Alex Goot),Boyce Avenue,0.467,0.56
2Gb3up6s243JSVuRRjwQoF,acoustic,Nothing On You / Hey Soul Sister feat. Sam Tsui,Ahmir,0.369,0.698
5Ukzlujip1Slqka5OY82YS,acoustic,U.N.I.,Ed Sheeran,0.578,0.405
1nuqzCMgj2lxZCmpdCmIGv,acoustic,A Lack of Color,Various Artists,0.357,0.337
12jjuxN1gxlm29cqL5M6MW,acoustic,I Got You,Jack Johnson,0.544,0.399
3i508xSmrzqtAGl6wYPGae,acoustic,Something In The Air,The Jepettos,0.122,0.542
6Pw4WKCH1bfULx3vrxYMwe,acoustic,Moves Like Jagger,Tyler Ward,0.962,0.659
7JIuqL4ZqkpfGKQhYlrirs,acoustic,The Only Exception,Paramore,0.209,0.563
3XsQljVSwXVrBl2yUmftAc,acoustic,Blue Moon - Live From KCRW / 2014,Beck,0.473,0.828
6Xz1aikik2Qy81JXxpHvNB,acoustic,Utan dina andetag,Carolina Wallin Pérez,0.153,0.238
2oW5yMYx6yiuW6uZx7ZJdO,afrobeat,Amidinin,Tinariwen,0.919,0.684
27i5E9ok44Ymh7jtmN0OAy,afrobeat,Sabu Yerkoy,Ali Farka Touré,0.697,0.364
3oJOtvPbyOqRPlFvspQP3o,afrobeat,Djuru,Amadou & Mariam,0.697,0.798
7MJGB3W6xlzhuYLHcazBmy,afrobeat,Yori Yori,Various Artists,0.901,0.842
2lnzGkdtDj5mtlcOW2yRtG,afrobeat,"Whenever, Wherever",Shakira,0.871,0.832
5VAZqFBgO2KNRw6KXA7xMj,afrobeat,Weeping,Vusi Mahlasela,0.512,0.619
5dQ0kTDZeO4BVWLNytsKuv,afrobeat,Jiin Ma Jiin Ma,Orchestra Baobab,0.714,0.548
6C6xlP5zYRhYSNI5ORl6Wd,afrobeat,Don't Dull,WizKid,0.925,0.799
5ipni5g3JBMmFwWcUvIfFR,afrobeat,Barra,Habib Koité,0.969,0.522
5XT4rqhZ4WADgxMKxkhMtV,afrobeat,Olilili,Miriam Makeba,0.196,0.181
5u6fnmRO5V0PTl5M2Eekeu,alt-rock,Cold Hard Bitch,Jet,0.357,0.895
0j63xEjwIqH5UETVoHlxXQ,alt-rock,Tomorrow,Various Artists,0.494,0.687
5po4iBu6pAOAy8I6TM4a0e,alt-rock,Watch the Corners,Dinosaur Jr.,0.353,0.943
5ecF3MhOOM4bAZQad4HTy1,alt-rock,Goddess on a Hiway - Remastered,Mercury Rev,0.257,0.761
797NMFvQ1wbPr18I6VEgPz,alt-rock,I Will,Sebadoh,0.671,0.859
6mH3sA9TMhgALjjWO0LXW2,alt-rock,1000hp,Godsmack,0.429,0.955
0q6LuUqGLUiCPP1cbdwFs3,alt-rock,On Melancholy Hill,Gorillaz,0.578,0.739
5EBDvc4cX8tqalRFGRwm7A,alt-rock,Liar,Built To Spill,0.538,0.755
2SSBJhvMsujY94GK5JAtKs,alt-rock,Buena,Morphine,0.591,0.494
6qHdoyFDpGB7wVW5R0iExG,alt-rock,The Howl Of The Winds,The Thermals,0.622,0.884
6PvpKM4BW48ic8cbM4Vxcg,alternative,Man in the Box,Alice In Chains,0.685,0.849
4yYvWFUWMaKMXtoJKJnmZk,alternative,Shuffle,Bombay Bicycle Club,0.397,0.959
4YwLagaVWaegNK7RsUh1at,alternative,My Name Is Jonas,Weezer,0.634,0.927
3PvzvltQZLIKk9YgoMP3Yq,alternative,The Mother We Share,CHVRCHES,0.317,0.716
29YBihzQOmat0U74k4ukdx,alternative,Ironic,Alanis Morissette,0.293,0.635
2x0GSYjILjflppGT3NpWtR,alternative,Borders Are...,Serj Tankian,0.0762,0.932
7oK9VyNzrYvRFo7nQEYkWN,alternative,Mr. Brightside,The Killers,0.232,0.924
4s9MBsOC7ntOehwpH0EJLL,alternative,Your Bones,Of Monsters and Men,0.327,0.725
1aB3C7GKpCFgsdhqzfZW0U,alternative,Bloodshake,Peace,0.247,0.841
3dvnVubqVeeOjabs0wC1YB,alternative,Gun Has No Trigger,Dirty Projectors,0.345,0.662
6CFNc0E6BDcB8YxeDoeRsc,ambient,L'ivresse des Profondeurs,Various Artists,0.134,0.444
2pN0C4dICHk5z2KRS3c66l,ambient,Sea,Patrick O'Hearn,0.0361,0.0942
6aSIDnecfBOP1oA8jK8lNh,ambient,Inversion,Bersarin Quartett,0.0308,0.183
6djRBKQoWVHgnFZNFP7dtd,ambient,Lost,Hecq,0.613,0.15
5gaGARxmgIoSXmURSU95hG,ambient,Shell,Brian Eno,0.0249,0.166
4gDTwTId75QePmzeZ2woCQ,ambient,One Half,Julianna Barwick,0.0382,0.438
1Qq3prahymiO6FlKoT7JPC,ambient,Breathing Place,Vibrasphere,0.529,0.814
7zjWtWDCNgeXSY78nLzBQJ,ambient,Digging Shelters,Neil Halstead,0.279,0.274
7m2iqOIBuCT0XvMkv4wYNv,ambient,"Requiem for Dying Mothers, Pt. 2",Stars Of The Lid,0.0342,0.133
1R8yRnLBJJbPPwLBZgEcp9,ambient,Elegy,Tycho,0.171,0.417
603a34fptkKclXK0LhM9Ie,anime,Summer Vacation Love,i☆Ris,0.774,0.98
7umZyNubk0B6hCjNiOYG37,anime,reunion,ClariS,0.852,0.963
6ScLvmFCKZzce4a7nf9RM1,anime,Everybody's Gonna Be Happy - テレビサイズ,Various Artists,0.767,0.797
5pn3AD5ipKMYQvxB6AAHqz,anime,カゲロウ,ЯeaL,0.578,0.985
6GzDHBrrGNJzqnszNWN5fu,anime,Lightless,Luna Haruna,0.368,0.827
2tHhf6jFeMvV4mvzkXIz6j,anime,I & I,Leola,0.334,0.523
02YwWNpxv4coWsZjRBTSG9,anime,素顔でKISS ME,"Wake Up, Girls!",0.507,0.925
6gWMHuuvV1c63JHZHft8zA,anime,Gravity,ClariS,0.787,0.938
7MXXUCXsi4RlCVRBSvUM4u,anime,傷跡,Kalafina,0.2,0.564
5SESuzrqsIPYQGVSAQMe9e,anime,誘惑amor,楚神ウリエ(CV.近藤隆),0.933,0.763
2K5ogjsR8cNDvRDrS3JKjv,black-metal,The Source of Icon E,Emperor,0.0386,0.928
6HK5nD9HgDhCtl2C7WS5H1,black-metal,Einfuhlungsvermogen,Burzum,0.0537,0.0224
5S22lhwri5iTC3CWtouqdA,black-metal,Trolldom,Taake,0.0295,0.998
6taCCCEVkAfhh4Ie9QaINe,black-metal,The Sun No Longer Rises,Immortal,0.0969,0.864
1doKqMLxp0LBFqz79nFy3M,black-metal,At The Fathomless Depths,Dissection,0.529,0.421
4olrcGoNbLPNT87HG298SO,black-metal,That Darkness Shall Be Eternal,Satyricon,0.288,0.977
1hMvlPP5B2VNdQkoyPG7Df,black-metal,Tonight in Flames,Cradle Of Filth,0.452,0.943
4rN6FwvfTuU7dr8SPPDVK1,black-metal,Chosen By No One,Nachtmystium,0.0721,0.973
4FkVlrkjYrZ3cHk2iAhUVP,black-metal,Behind The Curtains Of Night-Phantasmagoria,Dimmu Borgir,0.0379,0.984
3vrxTCAEKTKQ4vCGJfOEI1,black-metal,Nexion 218,Dissection,0.18,0.717
2mt2SEx62smnEgE5owBH8Q,bluegrass,Can’t Complain,Nickel Creek,0.192,0.349
71aoPq0Cez3dtsSMXJHqXI,bluegrass,Long Way To Go,Railroad Earth,0.833,0.877
0jg9yMM5YlpAV7pMplYgd0,bluegrass,Black Magic Woman,Pickin' On Series,0.761,0.495
137eR2XOLMm2ShEepyvygi,bluegrass,New Favorite,Alison Krauss & Union Station,0.124,0.112
2fYANwPlbQKd3nijxm7UDT,bluegrass,Not Tonight,The Infamous Stringdusters,0.284,0.424
6x76kqGP3y8PIoaFEhSXEu,bluegrass,The Greatest Hustler Of All,Old Crow Medicine Show,0.239,0.183
2cjZm8yD9FQjfJYCA6Sqfg,bluegrass,Undone In Sorrow,Crooked Still,0.317,0.372
2DOYz1BhYL8APljVhypdgf,bluegrass,Bury Me Beneath the Willow,Chris Thile,0.641,0.255
2tHMU12qa11LehfMhMMGcM,bluegrass,Riro's House,Carolina Chocolate Drops,0.744,0.868
6fuXJKtwETEgdLqu9gvuDv,bluegrass,Take Me In A Lifeboat,Earl Scruggs,0.961,0.361
4pQbNC3AZ3cNice390h4GI,blues,"Good Morning, School Girl",Sonny Boy Williamson I,0.707,0.0758
1TyCTyCab7MMTadRWoXYbT,blues,Trouble No More - Live At The Fillmore East/1971,Allman Brothers Band,0.665,0.73
3dtyzMprDU10ZgnxYXYwui,blues,Playin' With My Friends,B.B. King,0.793,0.743
74s9O1DfdjezivOiFNYicf,blues,Rockin' Daddy,Howlin' Wolf,0.607,0.804
51FpzuGkRYXFgsE2zXt9av,blues,When a Man Loves a Woman,Percy Sledge,0.205,0.15
1ZTdrHAfVVoij7fe3iFozS,blues,Rude Mood,Stevie Ray Vaughan,0.768,0.961
6um1loZomW1veT1gU3hmtL,blues,Poor Johnny,Robert Cray,0.875,0.726
5VCFpmDPHVkttBhGdi76GF,blues,Oh Pretty Woman,John Mayall & The Bluesbreakers,0.702,0.342
7dj3ONhn6GW7ebGZS22Vpt,blues,Close to You,Muddy Waters,0.786,0.595
0BrmbJnPYcd7gnvLYqxw0r,blues,What Kind Of Woman Is This?,Buddy Guy,0.882,0.586
6dvNnlBj8DQEQE8YiqmccO,bossanova,Rapaz de Bem (Nice Guy),Carlos Lyra,0.307,0.153
3wXAfdNgLc6UzhHpHH5Cr8,bossanova,As Polegadas de Mulata,Elza Soares,0.86,0.397
660gpeXqguDZc9mxSzcy4m,bossanova,Bye Bye Brasil,Eddy Palermo,0.725,0.61
3MqeSdThipdhFIgkH7w2ST,bossanova,Moça Flor,Marcos Valle,0.121,0.26
2fNREKcsUJbp62WefiOwzB,bossanova,Night and Day,Bebel Gilberto,0.125,0.107
0RkkIqFVFygYOqzInrYffy,bossanova,Waraou,Ale Vanzella,0.427,0.331
5fkAlnOp0aOqS0jEmVGths,bossanova,Two Kites / Fotografia / Eu Preciso De Você,Wanda Sá,0.809,0.447
6z5Ec9bB3E5I3gyL2E7dBk,bossanova,Maria,Laurindo Almeida and The Bossa Nova All Stars,0.644,0.186
4Pvsf8EWQHVmiMGE5K6QWc,bossanova,Canga de Sausade,Joao Gilberto & Astrud Gilberto,0.719,0.18
5HIBoi9tyZnkxjfDdv8tia,bossanova,Samba Do Carioca,Toquinho,0.882,0.501
1Thcp2JGBWW1edul945eW3,brazil,De Todos os Loucos do Mundo,Clarice Falcão,0.809,0.339
7mrL741YwpaiRKg56zakhb,brazil,Não Existe Amor Em SP,Criolo,0.349,0.41
1BGrHLBKZCVGslxe0dSExv,brazil,Metamorfose ambulante,"Antonio Pinto, Ed Cortes",0.6,0.553
3WOAyxXLXWJJx2wZHJJT2X,brazil,Balada (Tchê Tcherere Tchê Tchê),Gusttavo Lima,0.857,0.949
6KHavXdYptg58jxQSES3mg,brazil,Magalenha,Sérgio Mendes,0.597,0.87
1tg4ajDHN3Cr5o7arUtN5k,brazil,Me encontra,Various Artists,0.686,0.954
3pSTUZbp7J5jg2JHChTf21,brazil,A Menina Dança,Novos Baianos,0.91,0.677
6q042pQaILWdtxJxbf0jXj,brazil,Life On Mars?,Various Artists,0.437,0.133
0JUdM6lKJafF1ucVO3PgBK,brazil,O Segundo Sol,Cássia Eller,0.507,0.703
1Tditr5KyzStSK3GiO6Xlj,brazil,Maus Bocados,Cristiano Araújo,0.854,0.837
62vc0QmFXIyziLnOMMxMR9,breakbeat,RaveULator - High Eight Remix,Future Funk Squad,0.53,0.925
5UAbuLFYzS69nQRav9EwJq,breakbeat,The Time is Now,Moloko,0.687,0.716
1eYB103KuhSNFXmXhp58nP,breakbeat,Be Good - NAPT Remix,Various Artists,0.83,0.946
0PvdCkxxUMjBipIIiIeLqk,breakbeat,California Uber Alles,Various Artists,0.519,0.608
6PZymIEzY7c97Gowr8gzUV,breakbeat,Ill Funk Slammer,Agent K,0.758,0.983
7KY40pRBPKQSaSe0j5nKUK,breakbeat,The Boys Of Summer,Don Henley,0.859,0.776
530guMsQMYIhaBcl5wtWFD,breakbeat,Play,Various Artists,0.13,0.659
4dTMU4O2DdyIlRlss7v9UP,breakbeat,Insane in the Brain,Cypress Hill,0.77,0.705
1dPZC3LbZjsYZmVPSnuwKp,breakbeat,The Garden,Cut Chemist,0.693,0.831
23v60eC0jYd0yyQKWOYt6R,breakbeat,Apocalypse,Agent K,0.516,0.937
3jWg24dgB34rPV09ulLoIc,british,Suck It and See,Arctic Monkeys,0.586,0.932
3aABdPd96JkyvI9ZmHPLIZ,british,See The World,The Kooks,0.703,0.962
13bEwk7dTy0RdOAY3ZNNBD,british,Golden Touch - Full Length,Razorlight,0.695,0.532
33fdvicpRVPWCPz19Obajn,british,Back To Black,Amy Winehouse,0.335,0.725
6TBmUrZflEhWqkuEWxaoEU,british,Golden Skans,Various Artists,0.723,0.817
3kSE08EYzWQSAf6o1v2U4V,british,Back For You,One Direction,0.563,0.918
4s47q0bdRRyuObo8oVvETa,british,A Well Respected Man,The Kinks,0.618,0.791
5CPITapBZTyeQDxNkQYDte,british,Bigmouth Strikes Again - 2008 Remaster,The Smiths,0.707,0.926
0U4NRZT9CAMNsjHtPLc1lI,british,Chocolate - Revised Album Version,Snow Patrol,0.472,0.811
3ViMAvyCcmbRauKuoP2GJm,british,Old Yellow Bricks,Arctic Monkeys,0.757,0.837
7ucmhR5kMfJ3BNuWbG90l8,cantopop,陪著你走,RubberBand,0.133,0.297
3CAvJnkVjT7YeN7kgqIDKh,cantopop,雖然離開,張茵,0.226,0.326
5D00KefEuNxVjPq9shoOqK,cantopop,吻感,Ekin Cheng,0.305,0.248
3gkHdx2M7xmHWSP3fztytH,cantopop,Baby Don't Cry,William Chan,0.656,0.806
7j4j2c5Gphj44V6UV7K45R,cantopop,忘記他是她,Shirley Kwan,0.186,0.591
0tYpzqhwT83aJQ4cEmEO8F,cantopop,"如果你知我苦衷 - 電影""藍江傳之反飛組風雲""歌曲",Vivian Chow,0.144,0.575
6oOgAtLgehK6OarIVvnRjv,cantopop,七年,Alex Fong,0.178,0.264
76zNkD0V1whVquPW6ai1mz,cantopop,給自己的情歌,Gigi Leung,0.503,0.508
0wnBP6mLZXUqTkcahbs579,cantopop,Jin Tian Zhong Yu Yi Ren Hui Jia,Gin Lee,0.375,0.759
5C9SiwLTVxUmUvvtjIe63Z,cantopop,結他低泣時,夏韶聲,0.398,0.287
3t6MFAwXMixSSQe4jMRCVl,chicago-house,Native Love,Divine,0.696,0.811
4NMtuxWfOPR6yNjAX0AWrR,chicago-house,Keep On Movin',Soul II Soul,0.686,0.47
1tnHsVeArIFRpzQvFchZCt,chicago-house,The Acid Life,Various Artists,0.546,0.959
6MDIunkg3JqysXHHXBfkeL,chicago-house,Jealousy And Lies,Various Artists,0.714,0.773
4yYqY1AhA63WzJ1sc9RYYR,chicago-house,"Good Times - Original 12"" Mix",Various Artists,0.934,0.452
3KAn1EEsOVjep0Y15UNtTr,chicago-house,Whadda U Want (From Me),Frankie Knuckles,0.956,0.861
1VbfW1y43K7XUcKMZjBtre,chicago-house,Domesticated,Various Artists,0.141,0.67
7kcUCIpVBK6w1OwoiiPSpi,chicago-house,Raw Cuts #3,Motor City Drum Ensemble,0.154,0.855
2oCYH1y2kyvgfwBzJqebxd,chicago-house,Acid 8000,Fatboy Slim,0.194,0.968
3mNxQ198mdIigqmNqwRweg,chicago-house,Fascinating Rhythm,Bass-o-Matic,0.766,0.636
5fnA9mkIfScSqHIpeDyvck,children,Prayer in C - Robin Schulz Radio Edit,Lilly Wood and The Prick,0.8,0.875
0nJW01T7XtvILxQgC5J7Wh,children,When I Was Your Man,Bruno Mars,0.387,0.28
5qDo0UJ8No2MH27njAM2xb,children,I'm Wishing/One Song - Soundtrack,Various Artists,0.307,0.205
5lA6mFOvaiienokVbTZEQx,children,Mambo No. 5 (A Little Bit of...),Lou Bega,0.901,0.802
7jSQaXLzpLHjSQTev2krvT,children,Nemo Egg (Main Title),Thomas Newman,0.0553,0.0248
2ia7iiEtpiOL2ZVuWxBZGB,children,I Will Never Let You Down,Rita Ora,0.794,0.801
2GAIycsMaDVtMtdvxzR2xI,children,Bohemian Rhapsody - Remastered 2011,Queen,0.228,0.402
7yyTZAgwQUy1a5kDjQJJNN,children,"Poor Unfortunate Souls - From ""The Little Mermaid"" / Soundtrack Version",Various Artists,0.362,0.171
1i5ZMT3Qoe35MgKpoJYbm7,children,Time for Your Check Up,Various Artists,0.632,0.911
0AGaQWfuNHiXwDq5NDBK9X,children,Not A Love Song,Austin Moon,0.72,0.797
5g7rJvWYVrloJZwKiShqlS,chill,Dirty Paws,Of Monsters and Men,0.133,0.649
3QNYzWcyqAsRsgg1N1oz3C,chill,Big Sky - Acoustic Mix,Various Artists,0.143,0.212
336ZYcU6poBWi3s8yzRcAD,chill,I Follow Rivers,Lykke Li,0.607,0.533
5Fli1xRi01bvCjsZvKWro0,chill,Houdini,Foster The People,0.764,0.908
45kbpUIFmkS9Xla7hMXpzn,chill,One More Night,Maroon 5,0.613,0.82
1Dl44SWywsIDdz1GgIp9gG,chill,Infinity,The xx,0.142,0.267
3RgR3cFZ6xh7MlB9DURK6e,chill,Shadow Days,John Mayer,0.254,0.559
13qqdlSeF8FcxsRyapDMZ0,chill,Changes,Faul & Wad Ad,0.255,0.704
451GvHwY99NKV4zdKPRWmv,chill,Banana Pancakes,Jack Johnson,0.615,0.375
6D5pfooPP6hi99RaXjkDsP,chill,Summertime Sadness [Lana Del Rey vs. Cedric Gervais] - Cedric Gervais Remix,Lana Del Rey,0.114,0.813
4m5rO8vfR0H6V4J8sKTU2J,classical,"Orff: Carmina Burana, Introduction, Fortuna Imperatrix Mundi: O Fortuna",Sir Charles Mackerras,0.584,0.197
1n8NKQRg8LVHy7oUhUgbFF,classical,Hedwig's Theme,John Williams,0.077,0.162
7qBdLnaOLZq3mwsuTkR3QI,classical,"Symphony No. 1 in C Minor, WAB 101 - Edition Nowak (Linzer Fassung, 1866): I. Allegro",Anton Bruckner,0.0492,0.0734
7BGAMCTqrjjH2tSdrDsmv6,classical,"Stucky : Cradle Songs : II ""Lilajze, Jezuniu""",Chanticleer,0.0299,0.0122
7pHdkCXkeC8AYHMcIDzUdf,classical,"The Planets, Op. 32: Jupiter, the Bringer of Jollity",Stuttgart Radio Symphony Orchestra,0.279,0.229
5PvjR65Uvf6nwBe0Ko9O7z,classical,"Madam Butterfly (Act II): Un bel di, vedremo (Butterfly)",Giacomo Puccini,0.0385,0.111
2Yjv7MOdst5y6fFsq4cKOL,classical,The Heart Asks Pleasure First / The Promise - Edit,Michael Nyman,0.231,0.276
393IXhr8v1Y5Ze5DOf9jaV,classical,"Don Giovanni, ossia Il dissoluto punito, K.527: Overture",Wolfgang Amadeus Mozart,0.268,0.105
0PuxFPoTO5Ox8JLxO7JuZX,classical,Erupting Light,Hildur Guðnadóttir,0.142,0.256
1H9rGpQ1Xqh45Y13mzfJvU,classical,Clarinet Concerto in B-Flat Major (reconstructed R. Meylan): I. Andante sostenuto,Gaetano Donizetti,0.0661,0.0121
4ZShsMZrAhAvemrjx1wxuv,club,produk 29 [101],Aphex Twin,0.313,0.564
3sCOSNH82pkeCMqudYibjb,club,Netzwerk (Falls Like Rain),Various Artists,0.265,0.71
5y1jZxXIpECpclpbA76zVm,club,Party Rock Anthem,LMFAO,0.352,0.736
2GQEM9JuHu30sGFvRYeCxz,club,Faded,ZHU,0.614,0.477
5oPUBUzrAnwvlmMzl1VW7Y,club,Breathe,The Prodigy,0.32,0.822
77sVUchtzjpetfDZC9L59d,club,Complètement fou,Yelle,0.512,0.506
0GSU6yLOJqO10ziQuBLWOE,club,One Day (Vandaag) - Radio Edit,Bakermat,0.57,0.594
1qoWyW73DTDprvFpnsVO5H,club,Galvanize - Edit,The Chemical Brothers,0.354,0.674
5GjnIpUlLGEIYk052ISOw9,club,This Is What It Feels Like,Armin van Buuren,0.145,0.833
2QtJA4gbwe1AcanB2p21aP,club,Stay The Night - Featuring Hayley Williams Of Paramore,Zedd,0.461,0.738
6hmx9X7xA2d3zQXXl8H45N,comedy,The female brain,Whitney Cummings,0.318,0.956
2pFgpKkRGImFcwgLf87hg5,comedy,"Drugs, Alcoholism, And More Drugs - Explicit Audio",Robin Williams,0.188,0.947
75TZt74YXA1KOqgGAr4cSs,comedy,Drive,Rory Scovel,0.583,0.631
6XGTmjk1bQgxGc3wjwPCvH,comedy,My Niece,Steve Harvey,0.24,0.823
7jjv4PM2Pv8xxdgkr5PNWQ,comedy,Boxin',Martin Lawrence,0.452,0.6
1ICf1jSEy2OaQEXFj1H5Lt,comedy,Hot Travel Tips,Todd Barry,0.321,0.882
3ZsBVcedifm2toPTeBp4sW,comedy,Hot Girls In Bars And Their Dude Counterparts,Louis C.K.,0.122,0.973
5PiSY6VrudzjoDNlwBsDS3,comedy,5,Daniel Tosh,0.236,0.96
7tDjdObqXVf94VXvpLZ1Uo,comedy,Biting A Puppy,Todd Glass,0.738,0.8
497RhabXN14IDFq6BMzqED,comedy,This Woman I Met,Steven Wright,0.0303,0.995
5HGibWoxnkYSkl6mHmAlOE,country,That's My Kind Of Night,Luke Bryan,0.875,0.751
5pvPRmTbfhhpGJweKDJE7G,country,Wacky Tobaccy,Toby Keith,0.873,0.914
38CnG9HxpVtqXVqpESBr6H,country,Too Much Fun,Daryle Singletary,0.797,0.888
77Y57qRJBvkGCUw9qs0qMg,country,In the Blood,John Mayer,0.518,0.655
53rP0JKz6J3U1H6rIwBwjM,country,Texas Lullaby,Aaron Watson,0.401,0.649
7BB3emVX0QaFVddCHiO9wt,country,Drinkin' Bone,Tracy Byrd,0.964,0.833
7nDLdzyh2IDjL77JBmZTiQ,country,Make A Little,Midland,0.827,0.874
58spuRyMUsjKHQHEGwLC99,country,80s Mercedes,Maren Morris,0.659,0.834
52m2aSz4K783RyhWGareXS,country,Long Line of Losers,Kevin Fowler,0.481,0.718
1LZNdHSaGjV2S9q8BrZwnh,country,If the Boot Fits,Granger Smith,0.885,0.928
4bciEWCPPeR2UiVloDyUc5,dance,"Devil (feat. Busta Rhymes, B.o.B & Neon Hitch)",Cash Cash,0.335,0.765
18OntfCQE68VV5Is76yHRL,dance,Dear Life (feat. Jaw),Claptone,0.793,0.677
5j0FoZi8Z7vCrO1JTn3Th2,dance,Don't Matter (feat. Darianna Everett),Cherokee,0.524,0.518
5auepChUKwbHO1NWBwqGBN,dance,One Last Night On Earth - Speaker Of The House Remix,Dada Life,0.126,0.832
46OWk8DokIhXVhTr4i12iK,dance,The Last Of Us - Alexander Popov Remix,David Gravell,0.206,0.945
7lfiw21G0E3Fqqjs6s44xj,dance,Hold Your Hand,JAHKOY,0.348,0.776
29yTYeI2H6Lb3tGzhxiwlS,dance,The Mara - Duke Dumont Edit,Kiwi,0.569,0.824
6dW7L3I9rUBPJoqGlKSAOS,dance,GAMMA GAMMA - Brillz Remix,Tritonal,0.264,0.987
00cJC0Q48bwNMLEo5V5gxU,dance,No One (feat. Thelma Plum),Golden Features,0.255,0.549
4QqlfK1yqd8A4hykzkqSIA,dance,Scud Books,Hudson Mohawke,0.55,0.508
3LeDMuE7LgXfzMG2eyBA5D,dancehall,Galapoly,Vybz Kartel,0.771,0.881
4nCIJJ0ITdV81DxatWRj70,dancehall,Bookshelf,Beenie Man,0.778,0.619
5L35cBIoT8jYsMsy6ngqqU,dancehall,Get Gyal Easy,Popcaan,0.682,0.681
6uufzRkA8oCsvnz2QSoJ4J,dancehall,Oh Carolina,Shaggy,0.915,0.913
1rsljGlkqeLbe5EevPrQGs,dancehall,Party Up In Here,Elephant Man,0.495,0.967
0gr0V2rkou4tcxOinvmzJu,dancehall,Thank God Fi Di Gal Dem,Various Artists,0.631,0.782
3RJJVcnKhSSKRB6NC7nSAg,dancehall,Lyricist,Vybz Kartel,0.593,0.895
2w7Cyllyv4El4wKqe7spNd,dancehall,Top Shotta Nah Miss,Mavado,0.477,0.77
0PmWReAKP5om5ctzuMrSB3,dancehall,MorderDem Ver. 2,EaggerStunn,0.552,0.736
04gWE87MhELV3DffC8iUMj,dancehall,Bad People,Various Artists,0.842,0.909
3gmBeuuzYLAljBDqOM9WHW,death-metal,Rebirth Of Humanity,Bolt Thrower,0.474,0.862
1Uqi5XCus8O7zjh4Ybj1SB,death-metal,The Anomaly,Scar Symmetry,0.141,0.991
3J8VYy4AukNEyQnaRnBMjZ,death-metal,Addicted to Vaginal Skin,Cannibal Corpse,0.247,0.987
3niFdLGDctVmD9ZshmW2XB,death-metal,"To Ride, Shoot Straight And Speak The Truth",Entombed,0.0383,0.994
06rXbR5UxR6H1QwZi22Qi2,death-metal,Soulless,Grave,0.242,0.84
2mJjOPGlC7k6jRHn24Tuhj,death-metal,Rise Of The Undead,Vader,0.0921,0.989
0fSXUcMQosp1c9R9w7Y478,death-metal,Silence,Decapitated,0.0349,0.0523
1yrPGfz514vu5mLZv8UKss,death-metal,Epitaph of the Credulous,Suffocation,0.299,0.854
0iUjByyDac7nRb6SXttmE2,death-metal,For Us or Against Us,Dying Fetus,0.255,0.976
1jyeknQl9iy8sfUafUW5f3,death-metal,The Truth Beyond,Entombed,0.103,0.987
4XcggrvWzPGxlcpSMWqGFW,deep-house,Night Air,Jamie Woon,0.502,0.522
5ojuU7DIZFpNF4PsivReVO,deep-house,So Far,Miguel Migs,0.653,0.664
7pJnM2aIuZQk9HVNnRnL86,deep-house,The Sad Piano - Charles Webster Remix,Various Artists,0.407,0.735
6z9rsYMMS1ZI9QaNZ5yEo5,deep-house,Fall For You (feat. April) - Sandy Rivera's Classic Mix,Various Artists,0.604,0.324
0eBmWrGlvKAbqwgx1y2CEe,deep-house,Spirit - MAW Mix,Various Artists,0.827,0.368
70HAxYej74NlnTuOjD9KW3,deep-house,Got A Feeling - Bontan Remix,Josh Butler,0.279,0.495
7GB6SYthRqQmFk8gU36J1T,deep-house,Jeepah,Westpark Unit,0.401,0.941
2TBL24r897ewBYvf2hItYc,deep-house,All Night,Parov Stelar,0.812,0.578
5l7Tj988oJOLBGRQN8hiWt,deep-house,"Be Brave, Clench Fists",Leon Vynehall,0.231,0.828
7JO1eDSU1vnRTMubV330i4,deep-house,Need U (100%),Duke Dumont,0.412,0.632
0gEOsrfic2xDFwCqZ7Nv9J,detroit-techno,Machine Funk,Ben Sims,0.15,0.707
7kVXSHWbjIwNpA0wwOlkpq,detroit-techno,JB's Edit,Theo Parrish,0.136,0.663
05CLtDOLa6IpzkisVPAujq,detroit-techno,Timeline,Galaxy 2 Galaxy,0.776,0.793
2wjKyylBMf979OwCnUUuyI,detroit-techno,"Keys, Strings, Tambourines",Kenny Larkin,0.672,0.653
5pG4I4SQfgGoZK9Clnz8v2,detroit-techno,On & On,Aril Brikha,0.373,0.841
2flA6jNn4m4JzCUQSM588G,detroit-techno,Blackwater - Original Untold Mix,Various Artists,0.966,0.668
2g09S7ddX2FoYberTC4UtY,detroit-techno,Booty Trap Music,DJ Assault,0.747,0.768
5mUkJ0Wsk1ucPbP8uPbgRf,detroit-techno,Let It Reign,Inner City,0.284,0.839
6RSmWJzW67qDXRyjs8wRob,detroit-techno,Strings of Life,Derrick May,0.509,0.878
0p10H6YtMrEcUwzzqxeb0q,detroit-techno,From Beyond,Psyche,0.161,0.903
7apywiCuMzvSZIa0SKeH99,disco,Turn The Lights Off (feat. Jon) - Radio Edit,Kato,0.31,0.976
7nPc4tfJCRvcxxt9Xz3ugx,disco,Theme From Shaft,Isaac Hayes,0.618,0.439
7sm3orGGwNFqmWFSPRl8eT,disco,Give It Up,KC & The Sunshine Band,0.841,0.654
5ve0BYRZZ2aoHFqZMxqYgt,disco,We Can't Stop,Miley Cyrus,0.5,0.619
5UnX1hCXQzmUzw2dn3L9nY,disco,More - RedOne Jimmy Joker Remix,Usher,0.794,0.893
7nVzOpFNZVFZtbq3OGJHX9,disco,Sexual Healing,Marvin Gaye,0.717,0.602
2foOeJLKSvepjHEkb4NR8N,disco,Think About the Way,Ice Mc,0.67,0.713
67awxiNHNyjMXhVgsHuIrs,disco,Turn Down for What,DJ Snake,0.0815,0.799
6iEFcZI1KxxPaAGlnOVn3y,disco,Got to Be Real,Cheryl Lynn,0.922,0.455
0qi4b1l0eT3jpzeNHeFXDT,disco,Just Can't Get Enough,Depeche Mode,0.919,0.772
7owgJPlPgrcihuk20i9uDp,disney,Off To The Museum,Various Artists,0.0363,0.147
01CJDcOSteNT93CgfgsajY,disney,More Than Just the Spare - Outtake,Various Artists,0.303,0.349
5WKxcFnCO244tMnVElhFuk,disney,"An Unusual Prince / Once Upon A Dream - From ""Sleeping Beauty""/Soundtrack Version",Various Artists,0.208,0.247
7Ly3iB2S2riCNaqRHRaOrx,disney,Kiss The Girl,Various Artists,0.842,0.805
6ovlMGQkDsKEKZX4UxdIw0,disney,To The Fair,Various Artists,0.375,0.114
6NPVjNh8Jhru9xOmyQigds,disney,Happy,Various Artists,0.962,0.757
2kxEUyKwdf9gpJc5kWNMWk,disney,Haircut,Various Artists,0.404,0.894
3FCKHeZ0vY6uDAMRB07mL9,disney,Beauty and the Beast,Various Artists,0.322,0.675
4mkaqLW2UeMctDDavCzsdw,disney,Somebody,Various Artists,0.302,0.738
3AVQq5hpwkuJxAzM3g34hz,disney,"Song Of Mor'du - From ""Brave""/Soundtrack",Various Artists,0.495,0.741
5UCMhumPl8PTQekFUJ4w78,drum-and-bass,Slam,Various Artists,0.3,0.982
538BeNmgwepXoUj4GC7JDZ,drum-and-bass,All I Know - M&F's Rolling Out DJ Mix,Matrix & Futurebound,0.811,0.904
15R5Uw6oXuet9fqZImQoEU,drum-and-bass,Me & You - Original Mix,NERO,0.255,0.921
4FRpR1UFLaIk2eEmKoB0hF,drum-and-bass,There For Me - Original Mix,Various Artists,0.308,0.905
411rcI6KFOx1BYw8HY4shd,drum-and-bass,Reprise - Original Mix,Feint,0.212,0.868
7jZyQWoAmpJI37saaOazd5,drum-and-bass,Beautiful Lies,Various Artists,0.126,0.837
6jngF5xJrRvo2tmRPrDVoI,drum-and-bass,Red Sky - Subsonik & Smooth Remix,John B ft. Shaz Sparks,0.258,0.95
6XpKCDiyuM7iZvyEIBpoHB,drum-and-bass,Innocence - Original Mix,NERO,0.0622,0.732
3qwKoaBa6UyPOtwnmAWSTS,drum-and-bass,Blame,Hybrid Minds,0.704,0.499
6K9BQVwFwTwY83C6WfC7dJ,drum-and-bass,Breach,Black Sun Empire,0.688,0.999
4n0isQrD9b9lOoSs7zKogy,dub,Youth (Adventure Club Remix),Foxes,0.254,0.71
63cdKsOGssgzWospvig2nx,dub,Croaking Lizard,"Lee ""Scratch"" Perry",0.806,0.521
1Ca2ELRlvACAeI7xz9c9jR,dub,Spaceman,Hardwell,0.118,0.763
1On214AmagrceXIxmM6PGk,dub,Contact,Foreign Beggars,0.617,0.847
5osHRqrBmK2Am2FhoNm2FL,dub,Daydreamer (feat. Example) - Radio Edit,Flux Pavilion,0.432,0.914
48n92l7OnLEURhalUBtsl7,dub,We Can Make The World Stop,The Glitch Mob,0.154,0.836
7b71WsDLb8gG0cSyDTFAEW,dub,Summer,Calvin Harris,0.72,0.861
45XC6ymbyhSX9PgwTQnSoa,dub,Electric Slide (Dubstep Remix),Various Artists,0.235,0.865
59iJua476fbi3PbddfPrez,dub,The City,Madeon,0.295,0.81
2eULHDwdAs9rWA0xtKPR7d,dub,Attention Whore - Original Mix,deadmau5,0.923,0.878
5f6igUw1asUL4AGXSvgTW8,dubstep,Levels - Skrillex Remix,Avicii,0.346,0.91
3Z0eRV84fbHY2dStRU6l8b,dubstep,The Uprising Freedom - Original Mix,Arkasia,0.345,0.881
2tGYmkTChNsp1AqZbhPvXm,dubstep,Skanker,Rusko,0.859,0.82
5VWVVSABdgccboSdrKGiZH,dubstep,Fortune Days,The Glitch Mob,0.189,0.67
5s8LCFUR7tI8m4yNSUxwMi,dubstep,Katy on a Mission,Katy B,0.671,0.656
00k4IcdhoUtt3fBATrDyhh,dubstep,Dirty Vibe,Skrillex,0.533,0.982
470X9A1udQVQpOZ6FiXOOI,dubstep,I Remember - Caspa Remix,deadmau5,0.225,0.711
6kdkbhz1IA2XTx5mIvy1h1,dubstep,I Feel It,Flux Pavilion,0.0973,0.736
0VBzbYeByDvLdi1pB4aftw,dubstep,Ruckus The Jam,Zeds Dead,0.43,0.706
3Ncepe0CdZUIAI8mAjBCz7,dubstep,Runnin' - VIP Mix,Cutline,0.064,0.874
6kMGmlmwNLRmh4If8xcFka,edm,Stellar,Daddy's Groove,0.316,0.842
1P0wLge0z6CiDMztVH0q9i,edm,High School Art Class,Pretty Lights,0.43,0.81
42prDRVUOkgzQsfSFL2mmL,edm,Forever,Pope,0.524,0.94
4ZHNGs3LJODcWrU197iiwY,edm,Astral Projection,Minnesota,0.289,0.896
100EbPCjtuBNBcNxu7Wt6p,edm,The Spark,Afrojack,0.499,0.929
60wwxj6Dd9NJlirf84wr2c,edm,Clarity,Zedd,0.176,0.781
3lfGAVWfr3sdcrnv7PzfrM,edm,Rabbit Whore - Original Mix,Savant,0.269,0.624
2EQhNdnP2LT96NnkkKkm0N,edm,Bass Head,Bassnectar,0.0605,0.678
3bXptsvAsA4gLaaRKMHsr0,edm,In My Mind (Axwell Radio Edit),Ivan Gough & Feenixpawl,0.355,0.83
3FvrHJH1p0bQ7eeXlvjVfc,edm,Raise Your Weapon - Madeon Extended Remix,Various Artists,0.422,0.825
3XThyUoEI8BPDjdu954Uof,electro,All Is Fair in Love and Brostep,Skrillex,0.269,0.925
352zfYbDFG8sxkmOAhVeuj,electro,Under Control (feat. Hurts),Calvin Harris,0.51,0.919
26fwlVGkISUr5P91hAeTW8,electro,Body Language - Interpretation,Booka Shade,0.615,0.76
5OWhFeNXZ2RGbsGpl3rIc3,electro,Da Funk / Daftendirekt,Daft Punk,0.546,0.859
72yrTOnehmi3S82axqhEkF,electro,Redline - Radio Edit,Wolfgang Gartner,0.467,0.853
2hSPUp0RfF1j0pTWGpGADL,electro,Scary Monsters and Nice Sprites - Noisia Remix,Skrillex,0.639,0.871
5vQIaNoKsT4xkG1j2KFBFs,electro,Gold Skies,Martin Garrix,0.209,0.815
2Ir35f19vfOEG3iEDbV2Sa,electro,Cinema (feat. Gary Go) - Skrillex Remix,Benny Benassi,0.409,0.987
1iNeZGJsoC0D7ZyJTdIbDS,electro,Technologic,Daft Punk,0.633,0.516
3YM2dp0MqAJYBamwVSC7rE,electronic,Sleep-In,Times New Viking,0.492,0.959
4IWLawtdMznqdOnbOR9cWW,electronic,Legacy - Radio Edit,Nicky Romero,0.219,0.706
0Dxi7iWtxgQPsz5JQoJjd8,electronic,Garden,Totally Enormous Extinct Dinosaurs,0.659,0.56
562p3gaG39vjLFXEto4agA,electronic,Ich & Du,Philipp Poisel,0.923,0.84
0JUa73C2r5beBMhy9NXX1E,electronic,The Night Out - Madeon Remix,Martin Solveig,0.35,0.896
2Mlf3IbJNbx6e8Gdq8i5ua,electronic,Guardian,Stay+,0.104,0.658
2073QOEC8rBtSyTsRyaWiP,electronic,I Can Change,LCD Soundsystem,0.695,0.73
63Ul5qgAxlXbtj97gKaAfn,electronic,"Finale - From ""TRON: Legacy""/Score",Daft Punk,0.0282,0.11
1fc12F23NDBAN1Y75GEc1v,electronic,Bass Cannon,Flux Pavilion,0.0402,0.827
2KxgTDM5DTz1uO4rOhlkzR,emo,Alone (feat. MGK),Sleeping With Sirens,0.471,0.979
0f68jFgJkvcBpj8kobLBmW,emo,Mass Pike,The Get Up Kids,0.813,0.905
5sTVykpRs4eiZKn96bZogj,emo,The Feel Good Drag,Anberlin,0.501,0.677
1MaqkdFNIKPdpQGDzme5ss,emo,Two Is Better Than One (feat. Taylor Swift),Boys Like Girls,0.25,0.702
7jUnwF51o95iu2zPnpnEdW,emo,Going Under,Evanescence,0.442,0.857
5Sp5Dv0AwuykJGdulgH7pc,emo,Promise,Matchbook Romance,0.117,0.971
591vJuuep0gfPhx9p8WPD5,emo,Reinventing Your Exit,Underoath,0.268,0.978
7sddbg5QXqO5CrEuidCpeC,emo,Blank #9,The World Is A Beautiful Place & I Am No Longer Afraid To Die,0.0353,0.094
2gIb9IFl5tgcsuSHP3dFrd,emo,Heaven's Calling,Black Veil Brides,0.163,0.993
2NYzzOIupCB0F8zX4SG0RS,emo,Coming Clean,The Get Up Kids,0.611,0.946
6pav0KCJLInt6cjZuVJBI0,folk,Crucify Your Mind,Rodríguez,0.624,0.547
5tePn9lOIMHfFaqoTxFrio,folk,"Down To The River To Pray - From “O Brother, Where Art Thou” Soundtrack",Various Artists,0.549,0.166
13yuX1iqobZtQtq5lr8UoC,folk,Blood,The Middle East,0.122,0.478
2cq3mFSgiXna6SnUH9eIts,folk,Operating,Lady Danville,0.13,0.707
2bbhyUWJ5VjdfI3P4PRLu2,folk,Samson,Regina Spektor,0.184,0.193
49Cl45LNOx0cZ9qG5wGTCB,folk,Pastures of Plenty,Woody Guthrie,0.462,0.171
22UQelxzCIskdmb8pIqq8U,folk,Babel,Mumford & Sons,0.665,0.839
5frAZu6tdWC8tR9kbUJjij,folk,Made By Maid,Laura Marling,0.325,0.0807
1g2UL7riBjzjPVt24ESoFs,folk,No Parties,Fergus & Geronimo,0.954,0.843
63OitVF8FEGoV2yEPvBxsu,folk,Truth,Amos Lee,0.754,0.668
0mhTrhYOXLnJTqNyMtpJAL,forro,De Lua a Jackson - Forró da Terra,Trio Nordestino,0.962,0.895
7hdoKFtMp3zo68GPKjKAiF,forro,Blind Faith,Gilberto Gil,0.207,0.299
3y6eWQ0nGQMUvz15Rie4cJ,forro,Quando Eu Te Vejo Eu Choro,Aviões do Forró,0.93,0.707
3Sg8aqH8nGwbD7OompKqlZ,forro,Agora Estou Sofrendo,Calcinha Preta,0.238,0.472
0hCe46CZol7OVjSoDmuDsf,forro,Xote Das Meninas,Forro In The Dark,0.722,0.512
1223HeVt1vt6l7pvIr7WIA,forro,Falamansa Song,Falamansa,0.851,0.578
1LQOmoSYlt3CLD7ZtDE5dB,forro,Cabecinha No Ombro,Various Artists,0.965,0.857
28q69onB0uNd0WGNcKpMkr,forro,Vira e Mexe,Bonde do Forró,0.895,0.9
3Ze0CVM1SFTlKLnNPmMmC2,forro,Fui Clonado,Banda Garota Safada,0.64,0.944
5b875Rfg2uRxCZFADEHhvw,forro,Rotina,Various Artists,0.64,0.864
5T37zS90GkaMHRj5uNaJpb,french,Le chemin (feat. Sita),Kyo,0.517,0.748
4hchlt88rTtEVsSUnD3Yt1,french,sommeil,Stromae,0.414,0.628
1OdlprYhHzkLPlfr6BkLwg,french,Qu'as-tu fait John ?,Édith Piaf,0.454,0.412
1jL4dBrmBpkAwxiMFzHulz,french,Rockollection,Laurent Voulzy,0.788,0.54
4kO7mrAPfqIrsKwUOK5BFx,french,Midnight City,M83,0.272,0.729
2VfEGjXmGTgOH8VYSGqt4e,french,Mon mec à moi,Patricia Kaas,0.635,0.544
2zwwRsyeR2OkWY2dhYEAVJ,french,Quand On A Que L'amour,Jacques Brel,0.523,0.264
29GuoJqjg7aMxUmEO3XLEp,french,Comment te dire adieu - It Hurts to Say Goodbye,Françoise Hardy,0.843,0.447
35arjnsPj4gLO8aFclgexb,french,Je suis venu te dire que je m'en vais,Serge Gainsbourg,0.916,0.555
22gobabGexrDiMtHDtDz6O,french,Comme Des Étrangers,Charles Aznavour,0.377,0.265
13v3siPyvy5TTEZYmGPPse,funk,Give It To Me Baby,Rick James,0.965,0.727
3gLBGaGPWKHi9utz69uHCc,funk,Cook It,Cookin' On 3 Burners,0.885,0.91
26FOglnpqOEWUyspcbNYq6,funk,Got to Be Real - Single Version,Cheryl Lynn,0.886,0.599
11SrXDwSAftI8pioXBKtGN,funk,Freedom,Soulive,0.859,0.871
2bAmuf7gFx5ziCMcGYjw2v,funk,Ffun,Con Funk Shun,0.853,0.64
3pInAc8KCHwv0kEEiamZtu,funk,Working Woman,Gizelle Smith,0.875,0.947
3vtndp1juzqgWOe4rQIP9V,funk,High Time,Ole Børud,0.948,0.78
2x1LQq8lsUzAA2wNj8yjC9,funk,Pick Up the Pieces,Average White Band,0.889,0.853
0hyZgl8tHThlycPEVwBpax,funk,Baby Love,Mother's Finest,0.956,0.783
3h5IJ0EzVpkiaoL174GC3M,funk,Let It Whip,Dazz Band,0.954,0.9
10J2S8LeNRxPhUu8lq5T9f,garage,Block Of Ice,Thee Oh Sees,0.497,0.989
0A3AmlV6JLplE2SS5EH1Kg,garage,I Am The Eye,Various Artists,0.611,0.859
56UNoQz1kXeBZeqmQbFpYe,garage,Body Groove - Mix Mc Version,Architechs,0.92,0.707
2LJ58vWuLhFQ2bJPqzhveL,garage,Fill Me In,Craig David,0.858,0.742
78EfHutjQYbOpNWOC77JYW,garage,Ripgroove - 2006 Version,Double 99,0.26,0.916
0onIqmzvDvsbhCbd66QgSV,garage,Eye Of The Beholder,Metallica,0.573,0.807
5LmQUzOVtLNgyk64CyWfE2,garage,"Give A Little Love (feat. Roll Deep, Aggro Santos, Bashy, DaVinChe, Wretch 32 & Cleo Sol)",The RockCorps Allstars,0.438,0.915
6uEyGA86fFogA1Jb2B3Vqk,garage,Navajo,Black Lips,0.586,0.891
1ehhFCpPQHBKfn1aCNMo8t,garage,Ready For Your Love,Gorgon City,0.455,0.747
3H1GVPuoninvTp4S1A18Rr,garage,DJ Play - Radio Edit,Perempay & Dee,0.929,0.581
0emzNkiIOey7ZmHU892fnq,german,Vergiss mich (feat. J-Luv),Bushido,0.517,0.799
5la3Ns6Kijy768nRHOvpCL,german,Wenn jetzt Sommer wär,Pohlmann.,0.54,0.529
5znp7F26UmQE7G7Jfb2IYm,german,Ich laufe,Tim Bendzko,0.095,0.374
2jeXJXHMiiCZMglFIF439D,german,Alles verboten (feat. Casper),Marteria,0.609,0.8
4o1icap3R1S4snryo80HmV,german,A-N-N-A (Immer wenn es regnet),Max Herre,0.356,0.474
0LxKGciKtDGXZ7B7t6NqWZ,german,Hammerhart,Beginner,0.742,0.75
2zcZZTw3p9J4eU1prdfXec,german,Bück dich hoch,Deichkind,0.691,0.767
3I3ibFrJaDSd7WxCLwMAII,german,Bounce,KC Rebell,0.554,0.55
56fwHfJaBpaauvFJrnwk2L,german,She Wolf (Falling to Pieces) [feat. Sia],David Guetta,0.415,0.859
2mV3V8Ia6hYYsPtrhTMIyp,german,Ti amo - Remastered,Howard Carpendale,0.379,0.538
1ZxwWrMNukjS8sb9TZ0HjU,gospel,God in Me (feat. Kierra Sheard),Mary Mary,0.428,0.673
2x8BlDYVnlD57KLrbqXcbq,gospel,Good News,Vanessa Bell Armstrong,0.537,0.801
0kt5Wv4weMOqQSGJRiidXR,gospel,Interlude # 1,Kirk Franklin,0.403,0.0792
5tYW3SKDcVxINrb7KOOb43,gospel,Yes You Can,Donnie McClurkin,0.864,0.814
5uovPj8aVrqJB4MFmvWyQ9,gospel,I'll Fly Away,Hezekiah Walker & The Love Fellowship Crusade Choir,0.481,0.799
2bpk4L2kxnIJRY8dPfkpZ3,gospel,No One,CeCe Winans,0.417,0.797
355g1YsfYwS12pybtdtQ1K,gospel,Good In The Hood,Tye Tribbett,0.767,0.61
40lKptao1hxVqA7fd1OOGp,gospel,Our God,Chris Tomlin,0.216,0.778
7ezFo7N3tlxrkZ8eqDiqKr,gospel,Faithful,Marvin Sapp,0.26,0.47
0Z2DaKiwLWfTuItxHWFTsR,gospel,Life & Favor (You Don't Know My Story),John P Kee & New Life,0.335,0.707
3IRC5nP7Xz93Sy65ZpoQX6,goth,The Killing Jar,Siouxsie and the Banshees,0.533,0.619
70XOzn4IstIYPGpcgTFJd2,goth,Call The Ships To Port,Covenant,0.545,0.892
7h44dVczfpJyzmZqGZS5cN,goth,Bela Lugosi's Dead,Various Artists,0.514,0.729
29Ka6lOdiI8t9mnEi0jQSG,goth,Our Destiny,Epica,0.32,0.878
1h44Wd3b32JGExPl6cq5je,goth,Deliverance,The Mission,0.18,0.687
3T1cVJCPgquDN4jquS9FmE,goth,Dreamer,Elysion,0.234,0.733
2LlQEsJOcz6R1ZzlNKbmjE,goth,A Prophecy of Worlds to Fall,Xandria,0.212,0.933
4QbRdoW4u5t4mfoDHx1J9J,goth,Eva,Nightwish,0.105,0.373
49iFOJqpatwJlZAVUINBfn,goth,As The Shadows Dance,Theatre Of Tragedy,0.317,0.888
4INEr5WJcgr9GaQxUDfgRL,goth,Her Ghost In The Fog,Cradle Of Filth,0.0381,0.996
6pkWbiGSqdfVNty7lOdNdE,grindcore,Loathsome Delusions,Wormrot,0.0305,0.998
0L9za6BskztibLYrb1cQEJ,grindcore,Depths,Nails,0.0389,0.976
3BaJFoEncVasX4Si3NAkJG,grindcore,From Enslavement To Obliteration,Napalm Death,0.361,0.811
6ZwOWky0Jm6IpBY6KbIbLQ,grindcore,Can De Lach,Nasum,0.0682,0.934
7F1Ueaa7FVUsgTiOKad9HO,grindcore,Hidden,Pig Destroyer,0.0426,0.233
071DyvJmbN1A7AaI4Fsq8C,grindcore,Crepitating Bowel Erosion,Carcass,0.308,0.834
3wW2oTLMyff92smAdrnzN2,grindcore,Power,Rotten Sound,0.105,0.96
0ijER7mADsTnpJn3x1OYA6,grindcore,Necessary Evil,Napalm Death,0.0551,0.999
4vHvgIyLnOP6MDBacqbcV8,grindcore,Rapid Abortions of Ridiculous Proportions,Wormrot,0.0365,0.994
2fCvdQYCOJgdGvd46lnkEC,grindcore,Bitch's Handbag Full of Money,Agoraphobic Nosebleed,0.0244,0.998
0XqQJqv7R6oqE17bhwoddp,groove,,,0.701,0.587
6BvwGpRV3IroW7gNrCOpIp,groove,Bette Davis Eyes (Re-recorded / Remastered),Various Artists,0.536,0.555
79yCIveJbH2C8hJjD2BnTQ,groove,Superstition,Stevie Wonder,0.855,0.775
5zCJvrT3C7cIfHsR5iG95l,groove,Lean on Me,Bill Withers,0.413,0.235
4u2KDCwcj8WGcFXDhy1aKL,groove,The World (Is Going Up In Flames),Charles Bradley,0.77,0.6
300zfRaCgTmEm5Eqe3HqZZ,groove,Ghostbusters,Ray Parker Jr.,0.789,0.717
5IFCyWplye09HytIP80RCF,groove,Too Close,Next,0.752,0.402
2bkVT50D8b4xrIKjeo6f8H,groove,Let's Groove,"Earth, Wind & Fire",0.877,0.592
3gJgUanZ5JcFZJ1a5hM3dw,groove,Ain't No Sunshine,Bill Withers,0.542,0.484
2zDADV891HD9xHi6hAnjQ9,groove,All My Life,K-Ci & JoJo,0.192,0.514
6X4PHBMrZswxqEYChBFQx4,grunge,MFC,Pearl Jam,0.173,0.937
4HHAE3GAWLuF8d8ELCbch9,grunge,No Way Out,Stone Temple Pilots,0.235,0.986
3cMliO9emUSa4d1Ap2MbfW,grunge,Volcano Girls,Veruca Salt,0.567,0.961
59tm0GSryH6BozhjGOergk,grunge,So Close,Alice In Chains,0.371,0.973
2XHoSLeN3MU5FHasXFQk7Q,grunge,Crown Of Thorns,Mother Love Bone,0.425,0.433
0XLLWzt1wZwAQSxRnil0DQ,grunge,Alive - Brendan O'Brien Mix,Pearl Jam,0.356,0.958
2RDgs05sg2vrpwiAEUkWd0,grunge,Freak,Silverchair,0.405,0.883
5zYP7plzCFop1pTDVi450C,grunge,School - Remastered,Nirvana,0.0954,0.964
2n0Y0o3mig7mcRJK8YvVdj,grunge,Halo of Ashes,Screaming Trees,0.287,0.884
0LBmvPJYmtEJ7kkWvc3kbT,grunge,Oceans,Pearl Jam,0.147,0.377
2SgbR6ttzoNlCRGQOKjrop,guitar,Cowboys from Hell,Pantera,0.437,0.908
2PVaUOrcUYdZC74ERWHL57,guitar,Mauvais garçon,Naast,0.691,0.935
4MYb7NWLwXNDB7bYs3HeX8,guitar,Slow Ride,Foghat,0.656,0.586
5nBYxnFgL4y2qXvLxSIod8,guitar,Los Angeles,Frank Black,0.399,0.746
3odPjdX1SjxxjIr0EZjEht,guitar,Sympathy For The Devil,The Rolling Stones,0.608,0.675
473dVAB97y06dfl6OBb1uj,guitar,Talk Dirty To Me,Poison,0.628,0.951
7nnWIPM5hwE3DaUBkvOIpy,guitar,Drive,Incubus,0.666,0.792
1dPXO2jGjC4wlHY1qRalYr,guitar,Bad Reputation,Thin Lizzy,0.802,0.953
5KDNFlHAdDJ84fhK27c35X,guitar,Judith,A Perfect Circle,0.304,0.894
51qT7GJC1ycvGmcS7Iy3AW,happy,Come Home,CHAPPO,0.698,0.891
4LloVtxNZpeh7q7xdi1DQc,happy,"Free Fallin' - Live at the Nokia Theatre, Los Angeles, CA - December 2007",John Mayer,0.435,0.296
4NH4xiPQ7TqNGqj6pZV4ki,happy,Karma Chameleon,Culture Club,0.962,0.473
0TDLuuLlV54CkRRUOahJb4,happy,Titanium (feat. Sia),David Guetta,0.301,0.787
5Lf9rCqReE9Ri4tZvLRLuy,happy,Happily,One Direction,0.824,0.89
2vmxF4cWxi9v9Lv055SfXt,happy,Take Back the Night,Justin Timberlake,0.347,0.67
5rb9QrpfcKFHM1EUbSIurX,happy,Yeah! (feat. Lil Jon & Ludacris),Usher,0.583,0.791
27L8sESb3KR79asDUBu8nW,happy,Stacy's Mom,Fountains Of Wayne,0.927,0.75
2Wyqnc6LHeEZxDS41DcAJn,happy,Liar Liar,Cris Cab,0.764,0.582
2FnygaA2lW1hSXKaUyPyjP,hard-rock,Tom Sawyer,Rush,0.637,0.804
3MDF2PY1B31KWeKhgGJAEM,hard-rock,Is This Love,Whitesnake,0.582,0.801
4ykYmUMLd18ldAXgF2B361,hard-rock,Somebody To Love - Remastered 2011,Queen,0.358,0.693
57fqmDaokbxZ3TaB0jp39q,hard-rock,Holy Diver,Dio,0.109,0.901
0NSeXLBOh16zjbENkAu0P6,hard-rock,Black Dog - 1990 Remaster,Led Zeppelin,0.743,0.848
0wHmZpUsUs9PUTFnvoYbaT,hard-rock,The Nexus,Amaranthe,0.587,0.961
61nSbxyL6VRPp32AMscxiF,hard-rock,Crazy Train - 2002 Version,Ozzy Osbourne,0.603,0.902
7tFiyTwD0nx5a1eklYtX2J,hard-rock,Bohemian Rhapsody - Remastered 2011,Queen,0.228,0.402
5e3YOg6fIkP0wD5TyxcHOH,hard-rock,Cult of Personality,Living Colour,0.539,0.918
7F8JbSCPBXm3IxMx2UMMhH,hard-rock,Eye of the Tiger,Survivor,0.556,0.599
1IQGPY9kKYPEG4pzjQvy5f,hardcore,Titus,Trapped Under Ice,0.267,0.948
05Uw3uX5jzesUSIF91gWDv,hardcore,Sailin' On,Bad Brains,0.0837,0.818
2MdZyd3RGsybWtdev1VT4h,hardcore,Media Blitz,Germs,0.72,0.883
6LjUouSdcqfdZfCj87WbGL,hardcore,Automatic Man,Bad Religion,0.32,0.991
0pDDBLqHqm7rq1JS8HW5zl,hardcore,Degradation,Gorilla Biscuits,0.32,0.966
3jkg3492UhXZE378fyanq6,hardcore,Pledge Your Allegiance,Suicidal Tendencies,0.441,0.711
1SCJCsVBXtHbeqfXYH4Q66,hardcore,Knowledge,Operation Ivy,0.51,0.947
4AAhLXUogc1Mw2MF2cEwdo,hardcore,Joshua's Song - 1991 Digital Remaster,Bad Brains,0.221,0.976
1E00Qup9IY3pXG8OUUCzQt,hardcore,Marriage,Descendents,0.775,0.827
27hAI56KrtVrkPMZGZhyQl,hardcore,So Pure To Me,Agnostic Front,0.267,0.933
5SLWQTVyCv3F2QbYTpjjB8,hardstyle,Countdown - Edit,Various Artists,0.2,0.908
102R586XKSyaKdJhd9tq8M,hardstyle,Fight The Resistance - Edit,Various Artists,0.436,0.979
1MPQKcPRCUp8XoBkbnY0a2,hardstyle,Come On! - Radio Edit,Various Artists,0.605,0.971
5WMn6DR2AfDRi2RgNqQlZU,hardstyle,Rhythm of Our Hearts - Original Edit,Nitrouz,0.305,0.992
6wsTj28kGBmeyP5GP2E6yy,hardstyle,Time To Rock,Various Artists,0.373,0.917
77TgqI2uYfRDTXAEQhBF1O,hardstyle,Hypersonic - Radio Edit,VA,0.201,0.966
0dCJPkmEi6QKAeP9qBIMgC,hardstyle,Nothingness,Various Artists,0.278,0.827
42TYZhTR2HAjLKJozPhiSp,hardstyle,Bella Nova - Edit,Various Artists,0.428,0.959
7lMg4O77UfJgSKejXw10jC,hardstyle,Raindropz - Original,Wasted Penguinz,0.374,0.981
0VTBY2XIP0RxjuBrt6dMXC,hardstyle,History Of Life - Original,Various Artists,0.558,0.994
5S1jpFFRgphF31fgjoLaLD,heavy-metal,Terminus (where Death Is Most Alive),Dark Tranquillity,0.217,0.979
4vhhTiwIa4LkdX6YEGgVF3,heavy-metal,Eraser,Hypocrisy,0.183,0.951
2Vy4z1ZUN7RvN7syWI2yef,heavy-metal,Slaughter Of The Soul,At The Gates,0.393,0.975
42mfKZYxRxtEbO9jRhcYNJ,heavy-metal,Silent Waters,Various Artists,0.387,0.809
375c4O60AYQODbt9vpCe2i,heavy-metal,The Black Plot,High On Fire,0.252,0.983
7g0f1F13axfvkpNmtDT2K8,heavy-metal,"A Living, Breathing Piece of Defecating Meat",Cattle Decapitation,0.183,0.993
5sU01Cj0uRDuzK4EzEuQEh,heavy-metal,The Chosen Ones,Dream Evil,0.271,0.72
0yt0tDGpiWoxWfw4mTOzq5,heavy-metal,Light Bearer,Thy Art Is Murder,0.324,0.985
45hGPaDQcHd3krODrbWN6g,heavy-metal,The Satanist,Behemoth,0.365,0.934
7hY2Kc7Hvu0BudOoQwu8Ez,heavy-metal,Kascade,Animals As Leaders,0.25,0.979
4ntsD33Pgsgk8rUyZLLiUV,hip-hop,DEVASTATED,Joey Bada$$,0.485,0.628
7bp5DfkdK1OAvNJ1U4HfDA,hip-hop,Shadowboxin',GZA,0.72,0.642
3aC9IY1oAAb0WeFeYebriD,hip-hop,Batman,Jaden,0.253,0.585
67mtN6BlsJR0LVyzvNZnGt,hip-hop,Tonight's Da Night,Redman,0.866,0.687
39hnH8WdPmNT3Q3yzwC9Rg,hip-hop,Why You Always Hatin?,YG,0.38,0.336
2rzBvHM9h36Tpdj7Jdajka,hip-hop,Wild for the Night (feat. Skrillex & Birdy Nam Nam),A$AP Rocky,0.686,0.848
7lL3MvFWFFSD25pBz72Agj,hip-hop,A Tale of 2 Citiez,J. Cole,0.362,0.556
6vN77lE9LK6HP2DewaN6HZ,hip-hop,Yes Indeed,Lil Baby,0.562,0.346
1cdC9TCqyLwAlsw3fVJaJS,hip-hop,Soundtrack 2 My Life,Kid Cudi,0.444,0.754
252gJUec2oDsGBPcxZs4nX,hip-hop,Walked In,Bankroll Fresh,0.768,0.491
6VK7zGAHf17R5vodPvETGF,holidays,There's a Christmas Tree in Heaven,Eddy Howard,0.203,0.122
3Zi6QM8c9dujEK1qTP9DiR,holidays,The Christmas Riddle,Peggy Lee,0.325,0.0645
3yYIwsHWp5DGliZRSuDcmR,holidays,Christmas Alphabet,Various Artists,0.46,0.163
6kzwJdIeY3XaDB7xFPkVYW,holidays,Ave Maria,Mario Lanza,0.119,0.347
32gzkUxkXi6YuNnA1t3yy7,holidays,Ave Maria,Barbra Streisand,0.0529,0.283
6JeYiM5JF2f6g1zxIkDNkJ,holidays,It's a Marshmallow World,Various Artists,0.751,0.458
0KfCEU6Qcz0CBomIGLT9N6,holidays,The First Noel,Various Artists,0.486,0.174
2CK6EQWm43MH1XwvF3JE0E,holidays,Let It Snow! Let It Snow! Let It Snow!,Various Artists,0.609,0.346
6mdDNg8CqOq0FXpfbWAbDQ,holidays,White Christmas,Various Artists,0.13,0.128
1M2Yl6RFxLiix6U36d8Tv4,holidays,Auld Lang Syne,Various Artists,0.664,0.131
1n3q9eF2qqOaWHBBQHLRXw,honky-tonk,I Will Always Love You - Original Version,Dolly Parton,0.156,0.142
3M1aZdmyIqNNFPE8hOKZTZ,honky-tonk,(Ghost) Riders In the Sky,Johnny Cash,0.531,0.723
3CqLvQ9fPOLtLIKb7r5ti6,honky-tonk,Good Hearted Woman,Waylon Jennings,0.644,0.568
5wZhj1LcXztboIh3T1VgMw,honky-tonk,My Son Calls Another Man Daddy,Hank Williams,0.741,0.148
2dRPQFwPqAmc42mDRnsDQu,honky-tonk,All-American Girl,Carrie Underwood,0.77,0.805
4nIwj4uuK2egtQaym18w3p,honky-tonk,"Dayum, Baby",Florida Georgia Line,0.696,0.939
16OFkCrdYH524sqvTPt6CT,honky-tonk,It Must Be Love,Alan Jackson,0.967,0.669
3nKLfeoq3YedJIZqvRW3Qz,honky-tonk,I Don't Need Your Rockin' Chair - Version w/special guests,George Jones,0.696,0.589
5N4B8MiObp4n4wh34WXYEV,honky-tonk,"Please Help Me, I'm Falling",Various Artists,0.553,0.336
0wrYPBtF2arLse3YuQNwiy,honky-tonk,Österlenvisan,Lasse Stefanz,0.962,0.939
0ew8oK4Yj8IhqE5Q7vpRvW,house,Eyes - R3hab Remix,Kaskade,0.191,0.525
4bJhvPYFBlyoUOo8ts3b6B,house,Derezzed,Daft Punk,0.142,0.728
0me7apLfP9WAdfxTFPkbZm,house,Lies - Otto Knows Remix Radio Edit,BURNS,0.483,0.793
68PDydciw4W2e16wCbr9tv,house,Infinity,Infinity Ink,0.618,0.531
4p1BSvCxbcvPaSQWZdjUqj,house,Cloud Breaker (feat. Yves V) - Basto Radio Edit,Basto,0.687,0.981
0XdC2dBoSx4eWLI1EsZKSx,house,Who Is Ready To Jump - Club Mix,Chuckie,0.562,0.829
2ZyXqOSe9F7sXQdzPhV1jz,house,Cinema - Radio Edit,Benny Benassi,0.424,0.841
2SeAX7TTJ1DobFW2fuZgbg,house,Sweet Dreams - Avicii Swede Radio Edit,Avicii,0.779,0.684
4R4Msn2uljmU66fy9Jdrtz,house,Hit It!,Sydney Blu,0.245,0.963
70H8KRBMZfiBeHHW1cWYvp,house,Welcome To The Jungle - Original Mix,Alvaro,0.0644,0.943
2XiETvwMVWdp7D5bx6jeqR,idm,Quadrature,Squarepusher,0.581,0.365
0BSJ1iQEmGibLCPMHGtdo7,idm,Lost In Thought,Jon Hopkins,0.201,0.318
2iP0WoxusUtDpnNEgewVD8,idm,Every Day,AFX,0.786,0.838
7hAmInNS31FgKrrxllY30I,idm,Arch Carrier,Autechre,0.716,0.978
4wFNUpqXnKAT3IaHcoNq1f,idm,Dead Sea,Plaid,0.0367,0.106
7wz9sFeyf7bcRHK0xoNFKp,idm,Ants,edIT,0.168,0.524
6os1lf0O8XyPqxPCBME6L5,idm,Kill Robok,Squarepusher,0.368,0.871
0c2lLKboWVC0z1OQs8EE5G,idm,Tides,Arovane,0.0831,0.519
1beB8x5zGWu7rQS7Y6jOLQ,idm,Elegiac,Jon Hopkins,0.331,0.279
6G4Iu30Hp9SHWQ1k2Fow7i,idm,Happy Cycling,Boards of Canada,0.428,0.429
4iQjcWvTDiHyRKRH5LcTh7,indian,Nai Reina,Imran Khan,0.796,0.554
3qCUXPED8J1ZhUkBbJTGZf,indian,Dheeme Dheeme,A.R. Rahman,0.53,0.386
2UqqeCF3Ad4rjeXNGEEaQn,indian,Jiya Jale,Various Artists,0.54,0.506
2LLSGLqrh5VrU4HjTam3n5,indian,Dhokha Dhadi,Pritam,0.867,0.687
2Z5IsY5dxdYZArJ1aYbaHZ,indian,Slowly Slowly,Sachin-Jigar,0.729,0.729
57BbO0Xn3N6IQsR4KwQfcV,indian,Aap Ki Dua,KK,0.769,0.748
0KX40RY5fbqZ1ADYIi79OW,indian,Zindagi Ye,Sachin Gupta,0.711,0.74
3c7JXNUeBsIzynGB9mhP4Q,indian,Pyar Diwana Hota Hai,Various Artists,0.76,0.576
2lKj3WvZpqHp3Vse8VlOI1,indian,"Race Is on My Mind (From ""Race"")",Pritam,0.539,0.943
1Vy3JKcOE5aVIstBJ2iQsq,indian,Meri Mehbooba,Nadeem Shravan,0.577,0.433
3NeiYiBn3rQBgurfVk92Zm,indie,Humility (feat. George Benson),Gorillaz,0.784,0.807
6nCLk61VK0M7ZbU7IozEwR,indie,Bros,Wolf Alice,0.222,0.921
3DPFmwFtV5ElQaTniLOdgk,indie,Hunnybee,Unknown Mortal Orchestra,0.568,0.373
0AEDv1M9FMXJGFprzukZqy,indie,Can I Sit Next to You,Spoon,0.882,0.801
6KuU2rnFYUyYzGOwcCZDT7,indie,False Confidence,Noah Kahan,0.312,0.662
2RiBogNRfulkNf7fVbPOrJ,indie,Saturday Sun,Vance Joy,0.706,0.864
6MDijuuArPJv1vbp7K1x3f,indie,Genghis Khan,Miike Snow,0.453,0.847
0Wv9Ckm088qsVkMKPH170C,indie,Shiver,Lucy Rose,0.135,0.192
6Hx7kdHB9kGdxnw2EwSx2V,indie,Million Bucks,Smallpools,0.568,0.865
7hfGhtkWBWiam6LlsIgATD,indie,Close But Not Quite,Everything Is Recorded,0.563,0.618
4fbvXwMTXPWaFyaMWUm9CR,indie-pop,Holocene,Bon Iver,0.147,0.304
0DAsxISzun85PbsqAfIzeC,indie-pop,Intro,The xx,0.152,0.778
25nzKGDiua1lE9Qo5V19GL,indie-pop,Young Blood,The Naked And Famous,0.358,0.865
2D9fFzc8V87QoyDyy8KNRv,indie-pop,Fool,Perfume Genius,0.0609,0.29
4o0NjemqhmsYLIMwlcosvW,indie-pop,The Funeral,Band of Horses,0.127,0.769
2mkv1b3dRFyiJ4Ybq31owf,indie-pop,Hunger of the Pine,alt-J,0.0741,0.413
5NTZM8YYeKM2YsGSffVIge,indie-pop,Loser,Beck,0.836,0.616
0v6WAhivOPQ4LRbm6zUY4L,indie-pop,eez-eh,Kasabian,0.747,0.9
6vBqrLmURedwYNqnT2HsCp,indie-pop,Reflektor,Arcade Fire,0.662,0.709
4VbDJMkAX3dWNBdn3KH6Wx,indie-pop,Helena Beat,Foster The People,0.736,0.876
5r1aP7FLwslGOWku4EpK31,industrial,Promised Land,In Strict Confidence,0.3,0.936
2oMXfar9Wb0Gx3Vi9R6K15,industrial,Slut,Velvet Acid Christ,0.416,0.801
5GBcRV3jO57oBp2mFVaeqM,industrial,Dancing With Tears In My Eyes,Ultravox,0.924,0.904
0KNFI0pjZqdwkCEXGXzUjb,industrial,Ascension,VNV Nation,0.234,0.859
7ttwrfe807K63aXv3VSKU1,industrial,Love Action (I Believe in Love),The Human League,0.641,0.679
51UX2d4PtjeT7mc8ENALj8,industrial,Liquid Separation,Front Line Assembly,0.731,0.907
5i1yGHFiD8JgcRMmGCY9Zb,industrial,Hellraiser (VNV Nation Remix),Suicide Commando,0.208,0.88
7ebC30VzEik9J632wCi6BI,industrial,Every Day Is Exactly The Same,Nine Inch Nails,0.425,0.933
43WFwjiWFHc8ZryT1Tz1aY,industrial,Push It,Static-X,0.504,0.977
5d2AKjxLoZX4WTojKYIid6,industrial,Television Station,Front 242,0.306,0.642
73l7xaszUM8TT63rRLCZN0,iranian,Shirin Jaan,Kourosh Yaghmaei,0.241,0.298
6CARcEoieZDAFHDqHbqa36,iranian,Shame Mahtab,Dariush,0.42,0.498
4nNX8fQ6L0SCD9PiutiNl4,iranian,Khoshgel,Afshin,0.912,0.944
016UNiHXFXXGpLEGkqhdqo,iranian,Ey Daad,Black Cats,0.9,0.863
6tfJWgcryRhancaumvkec4,iranian,Shire Khast,Reza Sadeghi,0.683,0.874
6K3agjY9Jac5uRvgMdda0a,iranian,Mahtaab(Viguen),Various Artists,0.48,0.491
7GVGnNAMafWuFFtSEFccZm,iranian,Jooni Joonom,Shahram Shabpareh,0.622,0.856
6qEEiWJwWyFtn7rfwTp8lP,iranian,To Be Man Neshoon Dadi,Kamran & Hooman,0.71,0.771
70sYntfb5ovCoW3CJZqTle,iranian,Bi Mano To,Googoosh,0.364,0.7
6iadIC7ABabX9iOj8FZ8y4,iranian,Hezar Booneh,Mahasti,0.854,0.875
2CmABgGyj743juf24IAXtn,j-dance,Deep House,Seiho,0.32,0.474
7Gh8VCJsO4kHKW0EhMtdz9,j-dance,PINK,Asako Toki,0.756,0.65
4FDdBqOTzfWfuDfODCOply,j-dance,Breathe Again,KSUKE,0.658,0.93
6z8lTMXu4YtVlpbYq0MD48,j-dance,SWG,80KIDZ,0.396,0.977
5HifYpKlwhqqBKEuqUMUYM,j-dance,Kudu (Re-Work),Various Artists,0.943,0.871
5MkK6rLvNnycbYXW9OyMjn,j-dance,明日晴れたら,SKY-HI,0.69,0.845
0BgR6jfKNeFbs5UW79D4a9,j-dance,太陽の視線,lecca,0.54,0.919
3OOkdI7yqPBvAPidBvsXuR,j-dance,ONE MINUTE OF LOVE,FPM,0.777,0.694
3RG76j3woFbCjE6hSnaPSX,j-dance,人間大統領 / Ningen President,Denki Groove,0.504,0.864
3T1QmDc2hn9jwaeQhRGQiZ,j-dance,Look Ahead (feat. N'dea Davenport) - Kyoto Jazz Massive Recreated,Various Artists,0.974,0.779
6nkJQzSqcayfLNASTQGXWw,j-idol,レリビ - FiNAL ver.,BiS,0.592,0.861
6VCUOyB9oqbiaQ9gWHJF2k,j-idol,アンバランス,Minami Takahashi,0.482,0.6
1Iv84MLST9JaaRf1jDHX9k,j-idol,口の悪い女,Ai Shinozaki,0.654,0.821
3xAWpowcPSOuPVD1fMGbqj,j-idol,Ex SUMMER,XOX,0.615,0.922
1QTxx5tyWlCXJhdhbG9syr,j-idol,READY GO!,Tokyo Girls' Style,0.643,0.818
5OGaOuMtxy3clvG2a2M9Dy,j-idol,ハピ☆デリ,LinQ,0.753,0.959
2yzGMKunYijILLrbNkBEa5,j-idol,アイドル,みやび feat. ミオヤマザキ,0.32,0.968
4Ib2PA6bo4RU6GGd6kbRsz,j-idol,気持ちだけ参加します。,BAND JA NAIMON! MAXX NAKAYOSHI,0.74,0.94
7A8qX4cA5HPt3Zh5hkOAtf,j-idol,Magiかよ!? BiliBili☆パンチライン,MAGiCAL PUNCHLiNE,0.621,0.968
4QmQmxo1loZvnmT4NJD07t,j-idol,Darling Darling,Jang Keun-suk,0.755,0.891
5Krwv9gLQuKgj00jSzomnk,j-pop,Wanderin' Destiny,Various Artists,0.189,0.699
5c1ceBcVUboh4KsNRsJQuG,j-pop,ナンカイ,Swimy,0.828,0.861
2m9VT4bmIuqYaYyz4vFLzS,j-pop,DIAMONDS,BananaLemon,0.517,0.939
7oSD1rdPsMqq02W9N1hhDV,j-pop,検索,Saku,0.676,0.973
135nqFgCykLgQHZqHspnT9,j-pop,ツキアカリのミチシルベ,Stereopony,0.804,0.926
1TtNwAy3R2NLiCpBrHbXjV,j-pop,夜明けの流星群,SCANDAL,0.572,0.859
5qCdEX3YUz9SutZrai1rWs,j-pop,Swan,[Alexandros],0.359,0.849
2NT5JeYOnoCg3T7SlzFD2M,j-pop,瞬き,Yosui Inoue,0.81,0.614
6En9Z8NKrwdICpD4FQk9sm,j-pop,ナイター,Do As Infinity,0.398,0.642
3xB8dhgdzUVq04EVCoKdV4,j-pop,バイバイ,Mashiro Shirakami,0.634,0.63
1DbthAEkflSFVajYTT2zE1,j-rock,君と向日葵,175R,0.497,0.796
5fpCXdTb93VOOYAmHUcSHB,j-rock,HELPLESS,syrup16g,0.424,0.858
2yTe4TXzC74L3svPQngQRz,j-rock,スコール,MONGOL800,0.358,0.603
3YNkLd2rBqBXQRIZfSrFzU,j-rock,PLANET,Supercar,0.298,0.814
5ksycOLeK5blOEvluOvl7v,j-rock,は?,Creep Hyp,0.61,0.932
4Wu6gZtfcLajBMQ8s9M5xu,j-rock,35℃,Kinokoteikoku,0.353,0.888
3ZLFVExsoPz2RJ3QCAK0Nf,j-rock,Dracula La,[Alexandros],0.731,0.986
5eKLn8oR9dRqHmDUB7KCHZ,j-rock,ニセモノ,syrup16g,0.143,0.747
4KW6NQOebHXQsqnCTZq5V7,j-rock,database,MAN WITH A MISSION feat. TAKUMA,0.791,0.971
2DjiJLLcPEQuim52KIgIGM,j-rock,Sun Myself,Various Artists,0.772,0.805
4YpXSKVrp8jhI7EAPV1xpF,jazz,What About Me?,Snarky Puppy,0.537,0.912
6im1fPDo7kli3LMfvTDWEV,jazz,When You're Smiling,King Oliver,0.25,0.111
5vfQK8G9uaH0RJiG0yaMrX,jazz,Taxi War- Dance,Count Basie,0.876,0.163
2uwWxQaPESir0zpeVcHRvC,jazz,Maputo,Bob James,0.74,0.513
3XPYMyW85vr0TxFcCu5fAj,jazz,Vital Transformation (with John McLaughlin) - Remastered,Mahavishnu Orchestra,0.645,0.863
3oSBVpyGQ9N3hPibpw0GkB,jazz,Peace Piece,Bill Evans,0.0652,0.0571
1EUppC8KjHBgyLKb06OlA1,jazz,Short Cut,John Basile-John Abercrombie,0.318,0.126
0XsbCr34semDxq0ZX84BCh,jazz,Easy Living,Billie Holiday,0.618,0.134
6Ya2qO1RUIFJhFMmNXJgse,jazz,The Toy Trumpet,Raymond Scott,0.607,0.314
6M2eyeYWZYUjIOLhUEGWiZ,jazz,He's My Guy,Sarah Vaughan,0.501,0.278
39i3QU3gS4c04AzSqsm6jR,k-pop,I Got Your Back,Jay Park,0.852,0.622
4pEB0ES04tvWzPlFuSfNWR,k-pop,The Boys,Girls' Generation,0.936,0.945
7uzSBQFXE98drAzMN6Jg5D,k-pop,잠실 귀요미,STi,0.647,0.537
0Efb4WSqZ9WZzqbTGxXZdS,k-pop,Don't Stop The Music,2NE1,0.494,0.888
1zJm17edwHjbRrUSVk5B5O,k-pop,사랑하다 말걸,더더 밴드(TheThE Band),0.749,0.72
4GYzejLvFm4gZdRDmMrSYz,k-pop,끝나지 않은 노래 (구주 ver.),V.A,0.405,0.318
6VyN1eW6TZLzDlRUrMv4Pm,k-pop,Bad Boy,BIGBANG,0.421,0.766
7ijlRAlJacgg88Sf9MyfDK,k-pop,그대가 없다고 해서.. 갑자기 내가 슬퍼지는 것은 아니다..,에반,0.0606,0.198
7JEQSlU7K7RC12y3gubFq7,k-pop,VITAMIN,Girls' Generation,0.651,0.898
4Sn1KnFD4nLY23wzaC1zsg,k-pop,탈,김태성,0.0369,0.0755
1v1mYOikSxGKf7hDMftGQd,kids,Cookie's Rhyming Song,Sesame Street,0.888,0.59
3D8JoB1xCsSt5tlwix7nce,kids,Ants,Banana Slug String Band,0.551,0.737
7datiYHpNDGRykZY0ta1wA,kids,Science Frontier,Monty Harper,0.909,0.515
4QyEMFfpiEXqV8PzVEaI1r,kids,Karma Police,Rockabye Baby!,0.353,0.361
2LKqUBwdGMFfxBtj9pGq4n,kids,Here We Go 'Round The Mulberry Bush,Music For Little People Choir,0.82,0.35
3dGcv579QV9azJ3nKLmGis,kids,Play Blue's Clues,Various Artists,0.593,0.684
2NZdIV0Cy7gTqNP6rSqypd,kids,Time After Time,Various Artists,0.339,0.28
24Vlue2KC3xbiLuSp4pNCG,kids,I’ve Been Working On My Letters,Kiboomu,0.86,0.392
1krKtVpFkssNdzlBjbWuON,kids,Witch Doctor - Remastered 1999,Alvin & The Chipmunks,0.969,0.579
7dqbmpVdDgjnFQdhdDrmtC,kids,Put Your Finger in the Air - Instrumental,Bob McGrath,0.578,0.154
6KzeSLDKK4DuFUHy3l9vqv,latin,Y Cambió Mi Suerte,Virlan Garcia,0.74,0.401
2TFOcFDk6m2CYJpGxuhJ3M,latin,Indestructible,Various Artists,0.841,0.846
17nOaHsTn06jxuU9NpHuFU,latin,Pa Ti,Bad Bunny,0.555,0.715
5BLrN6hNbk2svdXov96dev,latin,Mil Horas,Various Artists,0.788,0.794
7aJP1XcWcSU9w0eqSvaeZR,latin,Lo Malo - Operación Triunfo 2017,Aitana,0.964,0.737
3npbtkmTdUlRxGFxViDD0K,latin,Canta Corazón,Alejandro Fernández,0.832,0.715
4jikVslCvDrDysc3p4tFHM,latin,Vendedora de Caricias,Panteon Rococo,0.902,0.675
6yyrsrci6u2nreFlhXSy3J,latin,Tus Ojos,Los Cafres,0.815,0.48
4C2zOFgrXxfNGNpYQWIcaH,latin,Labios Compartidos,Maná,0.462,0.898
6FY8Imjs6YSglIAqnbU9mM,latin,Gimme Tha Power,Molotov,0.621,0.657
0rRMe1LBFoq5TjmT1Jye2D,latino,Hasta Abajo,Yandel,0.945,0.919
4cyYC67XY3weSVmSLdKLP8,latino,Taboo,Don Omar,0.808,0.886
7oQE9joUo0iboIrs5o1Hw4,latino,Devuelveme A Mi Chica,Hombres G,0.42,0.948
2ExpCKBxiHbgzepERl1t4D,latino,Cuando Pase el Temblor,Soda Stereo,0.758,0.539
6RlAZ8QY4LcA4DxUUIiwmn,latino,Limbo,Daddy Yankee,0.917,0.875
7v4jrUFU2mJZABndG1cTfr,latino,Adrenalina,Wisin,0.771,0.943
2jEMxGVpPpXTEtQ8kSk1Xx,latino,Me Voy,Various Artists,0.565,0.642
026diiECT9Tc4xzM8kE6uK,latino,No Me Compares,Alejandro Sanz,0.55,0.784
6cJLfIqwh0tCKRjYM3WpZ5,latino,Darte un Beso,Prince Royce,0.817,0.711
3KBQoWXuEuOpRwEMrDAdMb,latino,Dormir Soñando,El Gran Silencio,0.786,0.935
4Xsnw4ppX3mU64EhSl1NMy,malay,Akhir Cinta Abadi,Nidji,0.285,0.473
7er7WofjVw4QwPAyxH39jH,malay,Menjaga Hati,Yovie & Nuno,0.19,0.673
5VWKMYI5RhvTD1eN4pkRxD,malay,Menunggu Pagi,Peterpan,0.157,0.564
7wPi4fIZtU90oJINjit7hs,malay,Cinta Pantai Merdeka,Various Artists,0.297,0.662
434rwd6cyRWDy5AwSlxOgJ,malay,Dengarkanlah,Amy Mastura,0.399,0.407
79wX5dDh32eUMZUsV5ferK,malay,Raya Yang Sempurna,Various Artists,0.642,0.73
2GTg6B4w6Nkb05Sq1crNuw,malay,Sanam,Yasin,0.73,0.769
61vx5D0QRa4jtAWds9DTue,malay,Sendiri,Man Bai,0.603,0.845
2YiMdiqqE2fWIYuwH8Djk3,malay,Mahadewi,Padi,0.398,0.477
4jyDAFEYhayQxPjrUfVbXX,malay,Tunjuk Satu Bintang - Re-Mix,Sheila On 7,0.63,0.564
5h4UfbvVUqrRjYoBkgTHmS,mandopop,征服 - Live,那英,0.295,0.762
79OiRyrqPS6F4bnqlcLk4I,mandopop,其實都沒有,Aska Yang,0.36,0.392
06frj1GP1CgkPTIy85cmqT,mandopop,可不可以愛我,盧學叡,0.157,0.473
0ix6cO069ZVBBKA0UnU8Xx,mandopop,Fa Ru Xue,Jay Chou,0.352,0.7
2VA1HJAQL9M4rVA376xFpH,mandopop,再一遍,183 Club,0.216,0.473
3z8T8OY3BKUXuAKpYxRIMw,mandopop,灰色光的萤火虫,李桀汉,0.202,0.398
2JPvuAeiNjiI5inft1erQx,mandopop,魔幻季節,Gigi Leung,0.532,0.72
5TxvwLg25OgkKbefoYjOKE,mandopop,最後只好躺下來,黃立行,0.313,0.612
2CHTKxQr4zJl7sNJpWz18j,mandopop,四度空間,Lollipop F,0.887,0.856
4N0YnmBM4ex81ff7yKyKIz,mandopop,怎麼開始忘了,林隆璇,0.343,0.494
6vpnMc4RI046H2Pqyf8bp7,metal,Digital World,Amaranthe,0.59,0.948
2dbOYFfS7r7NAzquRvji9A,metal,Balls to the Wall,Accept,0.328,0.739
6pKA3P1JERZutikZtZpoUo,metal,Keelhauled,Alestorm,0.575,0.967
3Jx5QwNzHYxIr6wW2XHUbB,metal,Rock You Like A Hurricane,Scorpions,0.807,0.706
2h1rjzw90ZeMgbzOHJFHao,metal,What If I Was Nothing,All That Remains,0.221,0.768
2PfBSkCKZDXMsJogMT0wML,metal,Jump,Van Halen,0.774,0.822
5pnLt6PMHoPpbB7Wz3xRfO,metal,Mr. Crowley - 2002 Version,Ozzy Osbourne,0.36,0.822
60KqEUtRPr7E0Difa7hfOy,metal,Redneck,Lamb of God,0.0576,0.996
6iC4yNDnwpSJ61Sz8g6EDG,metal,Carrion,Parkway Drive,0.428,0.969
0EV08ZFYMYsc8hCwDuC97H,metal-misc,War Eternal,Arch Enemy,0.285,0.98
50r8v0uwRlhlBiy3o39DIq,metal-misc,Poison,Alice Cooper,0.285,0.893
1Ll8UuomlZEhuZYLxUz09J,metal-misc,Here I Go Again,Whitesnake,0.268,0.666
40qSFV6TIvL46ZUlsZnpih,metal-misc,Quantum Flux,Northlane,0.264,0.907
0lCwaZYSRy6q0jLmnYiQxi,metal-misc,Laid to Rest,Lamb of God,0.158,0.959
5TbTav1XIDESHNU2F2jrg2,metal-misc,Storm the Sorrow,Epica,0.255,0.887
3eEAv6q0YiHwSXZakEgvoG,metal-misc,(Don't Fear)The Reaper,Blue Öyster Cult,0.442,0.887
1ch9Iqm2hZAVCuFRseeW13,metal-misc,L'enfant sauvage,Various Artists,0.079,0.995
0QRxtcxL31dRAeiUUuENPu,metal-misc,Territory,Sepultura,0.303,0.946
1RhTHwpXT51rFPncuoqLga,metalcore,It's Our Burden to Bleed,Caliban,0.334,0.869
1Xp4ErFLJWvbwD4nl1cr98,metalcore,Life to Lifeless,Killswitch Engage,0.418,0.947
1x1NTUH1QUJEiBnkAMy0Mq,metalcore,A Greater Foundation,As I Lay Dying,0.365,0.992
0vKaCkthxp7kQFFsZinMcb,metalcore,Reckless & Relentless,Asking Alexandria,0.0742,0.994
1USgrWktVFd6bZmEGiQX86,metalcore,The Reign,blessthefall,0.412,0.918
5xrPkz6VT1oBsKwvWjANoF,metalcore,"Even If You Win, You're Still A Rat",Architects,0.125,0.966
15zUfY9L1p7bN9JsgaTAP0,metalcore,Strife,Trivium,0.309,0.987
0dbryPSqnXujLvaP6mSusO,metalcore,Fast Forward to 2012,A Day To Remember,0.676,0.939
13D36vAQxgYzwK1qI3IVGr,metalcore,King for a Day (feat. Kellin Quinn),Pierce The Veil,0.455,0.963
79SJcJOUFhie4mnZEtPwQD,metalcore,Rise Inside,Killswitch Engage,0.236,0.961
1iXFvTPFvtXcgJNIJEC05w,minimal-techno,Leadbelly,Various Artists,0.313,0.548
4bI7xOz812L1tS3Fja56we,minimal-techno,Setsa,Dixon,0.477,0.376
4xPRxqV9qCVeKLQ31NxhYz,minimal-techno,Slap,UMEK,0.0321,0.698
6aDk7IziTPNKlGxQYRnnSL,minimal-techno,Ireland,Various Artists,0.239,0.854
6mjTzjzxp2wan8jSiU0Vak,minimal-techno,Caviar,Various Artists,0.395,0.408
2ffAqj1fC0UntGmG6Igk2b,minimal-techno,Als Gäbs Kein Morgen Mehr,Various Artists,0.517,0.396
52FUxLnTVTVordU3mM3XEI,minimal-techno,Face To Face / Confronted - Slam Paragraph Mix,Slam,0.485,0.669
2xYtD40Fn6x4Au3z4vcpAM,minimal-techno,Elastrik,Gaiser,0.962,0.776
5ZhTEMjyeOIaa1ny1HzI1R,minimal-techno,Inside Us,Various Artists,0.196,0.659
4FTzm4o8upNLcKWEJepLcl,minimal-techno,Continuous DJ Mix,Various Artists,0.217,0.57
4QylPpokypCmaiCecvfrIM,movies,There Are Worse Things I Could Do,Various Artists,0.164,0.249
3SVXhtxFCNJnA4MkWF7sJp,movies,There Is a Light That Never Goes Out,Various Artists,0.836,0.69
1ESq6IldgwqvAtHncjHyMt,movies,Test Drive,John Powell,0.258,0.574
3STYntspHbnCB1KQHEgNAl,movies,The Houses of Healing (feat. Liv Tyler),Various Artists,0.0358,0.0307
5kzPAQkx6FvyiWwtY6zA6A,movies,In The Air,Mac Miller,0.402,0.379
3O9zeBmAi5JRBMSpIQGx2v,movies,A View to a Kill,Duran Duran,0.778,0.814
0J9k0wj1CPpgC6dgHUASWr,movies,Duduk Of The North,The Lyndhurst Orchestra,0.0377,0.142
2zzUpZCsVZgA7S2cr6IFwp,movies,"Can't Slow Down - From ""Pride & Prejudice"" Soundtrack",Jean-Yves Thibaudet,0.964,0.096
6nkjQcHzY3A9kav7OYW0Ch,movies,Horn Of Plenty,James Newton Howard,0.261,0.602
1haQRuZnoggW6U6l5jFIj9,movies,"Reflection - From ""Mulan"" / Pop Version",Various Artists,0.248,0.226
1Tvx2wtedLW7R8KN8JjAkk,mpb,Faz Parte Do Meu Show,Cazuza,0.293,0.321
30SQCr1Iz6By3l2nlPDlEU,mpb,Vestido Estampado,Ana Carolina,0.331,0.355
6svLbrgArGrmY2YIb0WmUY,mpb,Tinindo Trincando,Novos Baianos,0.811,0.921
50Xi26HTAZRPiosBL5KOYD,mpb,Forasteiro,TIAGO IORC,0.655,0.647
27ORvmjCpkwAWgMJhLvnsW,mpb,Urubu Rei,Ana Cañas,0.243,0.62
2vCtOuMhpBtFPGiWCApObU,mpb,Girl You Move Me,Seu Jorge,0.642,0.552
512l9tXsgdeEE0OQWnscRQ,mpb,Triste É O Cara,Djavan,0.441,0.429
7yvJRDQn14svyzvRRO24Wc,mpb,O Nosso Amor A Gente Inventa (Estória Romântica),Cazuza,0.762,0.8
51QoocJkP2yIO7M2ws0VrV,mpb,Moreninha,Amado Batista,0.887,0.915
6iw0XGvbEy7QlMFqhszdXb,mpb,Little Boxes,Thais Gulin,0.653,0.233
2G8HhYKm5tuxW3HC7Mi5Ni,new-age,Planet,Kitaro,0.0377,0.178
15zUyQPa91SOSeBf3w4ofr,new-age,The Eyes Of Truth,Enigma,0.302,0.691
7BtTPMVANfpWv4r1YVx6Xk,new-age,When The Love Falls - Original,Yiruma,0.296,0.157
0ZQxMl95OVGtAWuGk3hB6q,new-age,Arinya,Enam,0.094,0.428
4Z5nS6xULYNrzJFbx1sft2,new-age,Lotus,Rolf Løvland,0.0395,0.233
46IsxHHp6DvcU4fE7Yx1WH,new-age,Well Balanced,Oliver Shanti & Friends,0.449,0.637
3bidbhpOYeV4knp8AIu8Xn,new-age,Can't Hold Us - feat. Ray Dalton,Macklemore & Ryan Lewis,0.847,0.922
3OeszE42iVjHwaypQcQmcw,new-age,The Champions,ERA,0.199,0.464
5YNUF9XA2H4FyUUX391NDs,new-age,Silver Inches,Enya,0.529,0.283
41mdoloLSJVYqW8OPmv9IX,new-age,Vajra Guru Mantra,Various Artists,0.166,0.218
44cHg0JIrS144r7qLupD9o,new-release,Hollow,Tori Kelly,0.351,0.527
5BtwZ441YUmUFzNDItE5nI,new-release,Solid (feat. Babyface),Ty Dolla $ign,0.691,0.433
0375PEO6HIwCHx5Y2sowQm,new-release,Waste The Night,5 Seconds of Summer,0.323,0.904
2w1FUzusLkDiSXqpWNcnhR,new-release,Broke Me in Two,2001,0.864,0.804
5DNiREaQ1nrgi7Ckf8kuMP,new-release,Infinite High,Panama Wedding,0.875,0.882
6HtYcBQNHDfMBh50NZnjBp,new-release,Bad Idea,Sara Bareilles,0.787,0.889
1PhvTwusCB7hHCLrP8mrll,new-release,Wolfpack,TĀLĀ,0.403,0.497
4NtdkNudAf9vuF9zzpeJiL,new-release,Hot,POWERS,0.545,0.881
62WXjNnIqmHfcTIg6A2joZ,new-release,Instinct,RITUAL,0.236,0.494
0ENSn4fwAbCGeFGVUbXEU3,new-release,Hello,Adele,0.289,0.451
0oCPY5c9SJdvNryT9sj3R9,opera,"Andrea Chénier / Act 4: Vicino a te s'acqueta - Live At Central Park, New York/2011",Andrea Bocelli,0.103,0.337
59tep1m0w5T04FTjcfey3m,opera,"Rigoletto / Act III: ""La donna è mobile"" (Rigoletto)",Various Artists,0.24,0.11
1WmEC0afDTqApN9vkgvi9G,opera,The Prayer (with Charlotte Church),Josh Groban,0.152,0.351
2tZZK5ej44T8B41HZKXVCm,opera,"Parlami d'amore, Mariù - Live",José Carreras,0.206,0.242
6PZ4VOQLEJF7bS4XAKuq50,opera,"Puccini: La bohème, Act 1: ""O soave fanciulla"" (Rodolfo, Mimì)",Various Artists,0.0569,0.0831
0fZYwSz9sNajV5VBZjkAoq,opera,La Morte d'Abel: Quel buon pastor son io,Cecilia Bartoli,0.068,0.0704
0Pm4gdHlQVUKU1mFk3jAk9,opera,"Mignon (1997 Digital Remaster): Ah, pour ce soir...Je suis Titania (Polonaise)",Maria Callas,0.177,0.19
4iKq0oAbUc65WdJVZoY4TN,opera,"Don Giovanni: Don Giovanni, Overture",Various Artists,0.3,0.152
5CaGB8wxVWIsZSfkz9GmtD,opera,"Berenice: Cadrò, ma qual si mira",Cecilia Bartoli,0.549,0.468
2CDkkOzthVOQgZP5hClFm7,opera,"La traviata: Act II: Dammi to forza, o cielo!",Giuseppe Verdi,0.0393,0.1
2kJcFa6uOl0HVrMaOVUZvL,pagode,Dança Da Cordinha,É O Tchan,0.804,0.821
0PVMsVzYYzrkYXJiSgBJEk,pagode,Jura,Zeca Pagodinho,0.808,0.657
0dMpVku9uqZXrvPQqMwoeN,pagode,Tenta Perdoar,Raça Negra,0.456,0.718
5rON2f0dIS2OiDcUkNjCXi,pagode,Sai Pra Lá,Rodriguinho,0.894,0.815
2yy0nRXmd5aIGuNNZTzZ3f,pagode,Teu refém,Belo,0.727,0.61
4tLKXrtp7PbpjyZHDWfsZ2,pagode,Não Seria Justo,Exaltasamba,0.503,0.673
0xDkCWPAOdTWmobtZ4aCXL,pagode,Telegrama - Ao Vivo,Art Popular,0.887,0.75
3y6XrYm2Iu0ipwoP2y8JVY,pagode,Meu Lugar,Arlindo Cruz,0.633,0.542
3xA6pdsIHNV8Vl3kuQpxxI,pagode,Conta Comigo - Ao Vivo,Bom Gosto,0.85,0.787
5NpGBN2xqyggOclwqCMbAD,pagode,Estrela Da Paz,Grupo Pagode,0.915,0.951
6jdOi5U5LBzQrc4c1VT983,party,"Hold On, We're Going Home",Drake,0.289,0.414
5ByAIlEEnxYdvpnezg7HTX,party,Juicy - 2005 Remaster,The Notorious B.I.G.,0.782,0.818
6mt43avikV8g00AXCyOkS1,party,Kick Out The Epic Motherf**ker - Radio Edit,Dada Life,0.214,0.862
7u6aTzXw1JtiK5sr7XctFs,party,Bring Em Out,T.I.,0.587,0.891
0utR47mwVxzobWJqPIgEl2,party,Fade Into Darkness - Vocal Radio Mix,Avicii,0.771,0.885
5Z8CCpCTexeH36waq0T74y,party,Beautiful People - Radio Edit,Chris Brown,0.588,0.807
3sNVsP50132BTNlImLx70i,party,Bound 2,Kanye West,0.31,0.665
6LxSe8YmdPxy095Ux6znaQ,party,Headlines,Drake,0.425,0.566
2JpUkUR0OsOlUUfm6iS8ic,party,Money Maker,Ludacris,0.612,0.598
4hVo74mLxZ4hxyuU65GZf0,philippines-opm,Muling Magmamahal,Angeline Quinto,0.239,0.5
1DaBZJLwoKppbF6sQrY6YI,philippines-opm,Bumuhos Man Ang Ulan,Various Artists,0.116,0.109
1alx9yZWvtjn6TFLf7kWJB,philippines-opm,It Might Be You,Various Artists,0.127,0.159
4rp9g3KwXBnztieiBDPpjj,philippines-opm,Nag-Iisang Bituin (Main Version),Various Artists,0.393,0.24
6y8BRJ3EIRRBRfQqjBZMFY,philippines-opm,Ikaw ang lahat sa akin,Martin Nievera,0.111,0.53
6wGX0VyKwKS4xJgnMzdgoc,philippines-opm,Naaalala Ka,Jericho Rosales,0.144,0.175
0HS1phbrHo61AEwbRcvfO0,philippines-opm,Kahit Kailan,Various Artists,0.347,0.204
0wXljdo6ljKhPaPRth0UKe,philippines-opm,Never Will I Forget,Urbandub,0.454,0.904
1USKLocNLkXon66Ycdc6sp,philippines-opm,The Only Two People In The World,Bituin Escalante,0.204,0.432
3kih7GfZEb0rdLZZqmJPWn,philippines-opm,Sa Piling Mo,Jonalyn Viray,0.369,0.493
0sZA1cMfiA1R04mow8I22H,piano,"Chopin: Nocturne No. 11 in G Minor, Op. 37 No. 1",Frédéric Chopin,0.129,0.0035
4r5hbxVsGeE97UOfXejKRv,piano,Questa Notte,Ludovico Einaudi,0.0704,0.0851
5NZgyefOtSSs9BszaVG0Au,piano,"Symphony No. 40 in G Minor, KV. 550: I: Molto allegro",Wolfgang Amadeus Mozart,0.167,0.302
6oH2ubEi0Ro3QEdTV3jYFR,piano,Hymn of Nature (All Creatures Of Our God And King),Jon Schmidt,0.107,0.0697
5GRDM4dVEHR7jitruNcBep,piano,Clair De Lune (as heard in Twilight),Various Artists,0.0624,0.0134
0d24dDIL5CYs6FEL01bCC6,piano,Carol of the Bells,George Winston,0.0584,0.304
6Iv9x0crMAnbriAzojxy8t,piano,It's Your Day - Original,Yiruma,0.275,0.212
6wofHnLw5o6RC3TsUJ38Oi,piano,"Lyric Pieces, Book 4, Op. 47: Melodi (Melody)",Edvard Grieg,0.0347,0.0258
7h8Ud480Fm4ReUVxgFF9ZX,piano,Rolling In The Deep,Adele,0.527,0.777
5iteQZfH6xKjrm7tA3cU6h,piano,Honesty,Billy Joel,0.234,0.42
58zsLZPvfflaiIbNWoA22O,pop,Human,Rag'n'Bone Man,0.554,0.707
66hayvUbTotekKU3H4ta1f,pop,Where Are Ü Now (with Justin Bieber),Jack Ü,0.197,0.781
2xbI8Vmyv3TkpTdywpPyNw,pop,Selfish,PnB Rock,0.0399,0.6
3pXF1nA74528Edde4of9CC,pop,Don't,Bryson Tiller,0.189,0.356
4e4fqjx0Izh4svvTef1z7e,pop,Meant to Be (feat. Florida Georgia Line),Bebe Rexha,0.589,0.772
3G6hD9B2ZHOsgf4WfNu7X1,pop,Team,Lorde,0.416,0.578
3Txcx4jhuiTZSvhAL0WaRc,pop,Crush,Yuna,0.355,0.414
66wkCYWlXzSTQAfnsPBptt,pop,My Favorite Part,Mac Miller,0.718,0.33
5jrdCoLpJSvHHorevXBATy,pop,Dark Horse,Katy Perry,0.353,0.585
3u0qM9FSgL3zXi1Vn75b0i,pop,The Monster,Eminem,0.624,0.853
6S9lcjREUTU4Yv5y7oMcv2,pop-film,Woo Hoo,Various Artists,0.961,0.811
0t7ttzoe3dV0mah4lBI2kx,pop-film,Gimme Shelter,The Rolling Stones,0.492,0.632
1pViOt8zA2rl2NfHeDGnyD,pop-film,You're The One That I Want,Various Artists,0.822,0.612
6GkTKjv1XbFVdI2D8vvDPu,pop-film,Lose Yourself,Various Artists,0.06,0.735
2qy6RvXurpXtXlPE7cBc2p,pop-film,Son Of A Preacher Man,Various Artists,0.825,0.45
2KH16WveTQWT6KOG9Rg6e2,pop-film,Eye of the Tiger,Various Artists,0.548,0.599
6wRJogzb7OFOyCu9me7Ie8,pop-film,Back In Baby's Arms,Various Artists,0.703,0.441
2xw9KNGbpg1vMeHQql7eRO,pop-film,Coconut,Various Artists,0.869,0.532
1lr7QGyV5RohlODzAqnuZA,pop-film,Back In Time,Huey Lewis & The News,0.836,0.835
3iJWxZYv5FNcfGcOdgbq2P,pop-film,Peggy Sue - Single Version,Buddy Holly,0.602,0.515
3m3WEYwyS5wCERvc2FWZtR,post-dubstep,Just Smile For Me,Bondax,0.281,0.674
7yOenQXLmObqAjCxqQ89b5,post-dubstep,Closer,xxyyxx,0.0383,0.279
37WssUIwxFxg785SVYSc6H,post-dubstep,The Keeper - Alex Banks Remix,Bonobo,0.0968,0.488
6yQEnool8SQZakPL7EhTcd,post-dubstep,Starships,Eskmo,0.427,0.663
15BhDwZlAERTEM5Wz9xs9y,post-dubstep,Tailor-Made - Sepalcure Remix,Daedelus,0.434,0.751
7h4zfJe5KFg9zUedbWmhGl,post-dubstep,Yr Love,Holy Other,0.322,0.468
4h28BwSWuHyZb8hQmF1QKM,post-dubstep,Surph,Rustie,0.72,0.838
2gsmHhNRop5atridaEbLNL,post-dubstep,Street Halo,Burial,0.386,0.722
5N2OiXSz6lumAZsssNjsuL,post-dubstep,Valley Girls,Mux Mool,0.158,0.714
7wL42r11vcEhohThbDVz7Y,post-dubstep,Unluck,James Blake,0.217,0.483
6RDMoA86XmfIyFGWmm9TkJ,power-pop,Do It Anyway,Ben Folds Five,0.765,0.791
1O8S26sj0aPXUGjAPjiFLx,power-pop,Can't Seem to Make You Mine,Alex Chilton,0.746,0.7
1oI4fVIbiJ6EUEbrzdOkSJ,power-pop,The Apple,The Mayflies USA,0.75,0.915
27e6jzuNB6LKOo9Yeec7q3,power-pop,Blue Shadows,Lolas,0.688,0.741
3Xs2N8U8Zf1e45PnExkPTy,power-pop,Simple Machine,Guster,0.781,0.794
1pvxONrRX2weSOUBggE20i,power-pop,Why Not Your Baby,Velvet Crush,0.581,0.744
4J95rwuUK6hvxEssAyEDxW,power-pop,Reasons,The Rooks,0.618,0.884
3G0kzHUQGkhgWurrYEOQKd,power-pop,Yesterday Once More,Various Artists,0.44,0.803
5uiQsj5aTREYHt8hu8fEla,power-pop,Dream All Day,The Posies,0.435,0.934
42Eik5J9cI4lgBTm4oUfpS,power-pop,Greatest Foe,The Tories,0.169,0.814
1sctv2CWUCFIp0MhMzXSKh,progressive-house,Get Down - Original Mix,Hard Rock Sofa,0.39,0.953
2BGIRU1EWlgohOB1Z0ueNZ,progressive-house,Rising Like the Sun - Radio Edit,Qulinez,0.227,0.804
4osxePfXPhLLm1wlKs79Nw,progressive-house,Feed The Dada - Radio Edit,Dada Life,0.441,0.902
2yf9BZEBEl54ENfJ5npfqb,progressive-house,Rock Music - Original Mix,Alvaro,0.448,0.841
6GpcFTcLIc0eeR7Q7dVMXZ,progressive-house,Wasted,Tiësto,0.375,0.832
252S4mCX2la1fsZFHQhEit,progressive-house,Beautiful People (Zamli Summer Remix),Benny Benassi,0.368,0.622
043bfUkTydw0xJ5JjOT91w,progressive-house,Don't You Worry Child,Swedish House Mafia,0.338,0.88
5hvXP3n724pq9Cx0FR3AAY,progressive-house,City of Dreams (feat. Ruben Haze),Dirty South,0.159,0.829
71lPvDJnM16yzqz917z0nt,progressive-house,Call Me A Spaceman - Extended Mix,Hardwell,0.224,0.711
5o17AcbOVgtarP35uKs3n0,progressive-house,Just Can't Stay Away - Tom Tyger Remix,Hard Rock Sofa,0.255,0.938
2Ro4omaNT93PWupBIGqt3D,psych-rock,Indigo Meadow,The Black Angels,0.45,0.933
6ASVCj4Ukcazaaux3ZXeO9,psych-rock,Young Gold,Quilt,0.108,0.667
11uVobcqwmjFiJ2A8ZVCc6,psych-rock,That Girl Suicide,The Brian Jonestown Massacre,0.492,0.832
35NWkYOlxra2qCxkEHytfC,psych-rock,You Really Got Me - Live,13th Floor Elevators,0.849,0.908
2OX6OzqDZ1RQxijRKVuxsv,psych-rock,Confusion,Silver Apples,0.866,0.887
587teVEGT0sISBWLesJ2pP,psych-rock,Beneath the Black and Purple,Morgan Delt,0.195,0.862
5XCFddOP2QyCOcjuMC7itn,psych-rock,Manipulation,The Black Angels,0.178,0.758
14wcis5KS4XLmGCrfJlpdk,psych-rock,Dandelion Seeds,July,0.568,0.445
2I6MmYRbUS9OUX8Elbey88,psych-rock,Fragment's Light,Temples,0.0521,0.267
4BYGxv4rxSNcTgT3DsFB9o,psych-rock,Purple Haze,Jimi Hendrix,0.434,0.898
4yUVnX7tRC5LuxDDEzeL4c,punk,"Health, Wealth & Peace",Modern Life Is War,0.499,0.962
3iDK8BAaBUatPR84gdfa9g,punk,Such Great Heights,The Postal Service,0.198,0.818
79ELyIjJyZNuuy1U0pXYBY,punk,Colder,Rival Town,0.533,0.922
2q793NzfSsZHS2frCG3GZ5,punk,Sobriety,Ducking Punches,0.145,0.927
2LXPigzvfdxj3WoExThZtt,punk,Turn It Around,The Men,0.171,0.966
3Bo0tSiOhND7qNzhTeLvkD,punk,Walking in My Shoes,FEVER 333,0.254,0.783
45zvStEMsXp8z45OQRhWFJ,punk,American Idiot,Green Day,0.81,0.984
3fttmSWGThBQTNkuHMoCTN,punk,Girl's Not Grey,AFI,0.672,0.905
7E9FVtdG5St8UXfxcVJy4H,punk,International You Day,No Use For A Name,0.277,0.983
73VWNMYtM7sn2JIC4FsT2V,punk,the few that remain,Set Your Goals,0.364,0.989
6fI5PugHpCL9IzpoCzRSNn,punk-rock,A New Hope,blink-182,0.671,0.944
7iLXUeM0nqctdCsfun2Ahx,punk-rock,The Separation Of Church And Skate,NOFX,0.252,0.95
5fFpjmdr07PXjlwQLhz8xf,punk-rock,Gimmie Gimmie Gimmie,Black Flag,0.416,0.604
7JcB1XSpmlULBSvnEis6Fc,punk-rock,With Me,Sum 41,0.109,0.852
3a6WUDkHyuZUIpSZ2fC4NW,punk-rock,All Of This,blink-182,0.684,0.648
6J7cSyvSCnPwv3vqHchEfL,punk-rock,If It Means a Lot to You,A Day To Remember,0.44,0.536
0vsSw5i3scOV8un0crEwF1,punk-rock,Session,The Offspring,0.441,0.87
1bhjMY5O0ZjB41OHcdRH0a,punk-rock,High School Never Ends - Main Version - Explicit,Bowling For Soup,0.77,0.923
4Rme8TxEaNV09wp64AWd2y,punk-rock,"Die, Die My Darling",Misfits,0.589,0.862
0EonrvTzzNScmk7QT4L3dw,punk-rock,Nice Guys Finish Last,Green Day,0.777,0.993
2yI8omCrTAyrTcK7NRppu7,r-n-b,Ocean (feat. Jacquees),TK Kravitz,0.341,0.264
2y0KjYzfc4FjsrWSuVsBUk,r-n-b,Used To,LeToya Luckett,0.363,0.704
3sTc75CCyIw4FPs6cXkOe7,r-n-b,Save Room,John Legend,0.375,0.572
4ziJkj8dL74R8kaiaa8Ho1,r-n-b,What I'm Feelin' (feat. The Hamiltones),Anthony Hamilton,0.365,0.693
4mL59LVbKgOpEACxraGYdr,r-n-b,While We're Young,Jhené Aiko,0.811,0.791
515Sz5OLZs4ySr234CP2js,r-n-b,Lake By the Ocean,Maxwell,0.36,0.66
5H6Ldk7aVrIlGU9OHNalXp,r-n-b,u down?,Bobby V.,0.539,0.667
0zVMzJ37VQNFUNvdxxat2E,r-n-b,Flawless Remix (feat. Nicki Minaj),Beyoncé,0.457,0.659
6kUZRNGYywoULRpI2QpI6t,r-n-b,Scripture,6LACK,0.146,0.592
5H27NPRea6PuxF1OsKEPHm,rainy-day,Soldier On,The Temper Trap,0.0631,0.443
7F69vhVTDCOMcc9makFB2Z,rainy-day,Get Lonely with Me,George Ezra,0.511,0.842
1zVhMuH7agsRe6XkljIY4U,rainy-day,human,Christina Perri,0.253,0.489
6IwKcFdiRQZOWeYNhUiWIv,rainy-day,No One,Alicia Keys,0.167,0.549
3piY5aMfwEEmXMV6I9kpoi,rainy-day,Imagine,Various Artists,0.374,0.179
2AibowzHMkcQunibSKyApw,rainy-day,Always,Panama,0.435,0.758
7hR5toSPEgwFZ78jfHdANM,rainy-day,Half of My Heart,John Mayer,0.731,0.593
33e9HtOfO1ye1h8xQ7Foc9,rainy-day,The Cave,Mumford & Sons,0.345,0.499
5qniDCKk3enU7vWPzw44VY,reggae,"Kingston Town feat.Damian ""Jr Gong"" Marley - Remix",Reggae Gold,0.843,0.772
6iUsjStxo0fvFNu3UJSNk1,reggae,Nothing To Smile About,Morgan Heritage,0.77,0.661
77PMAmP3sXZK4zqNcQ1Ott,reggae,Watch Over Our Shoulders,Garnett Silk,0.679,0.647
67sEGnjlCAoDRWqNejM0XY,reggae,Who Dem a Program,Protoje,0.871,0.61
0Dq9yBdFeKKjm0wIY9Rwsr,reggae,Hungry (Falling On My Knees),Kathryn Scott,0.163,0.471
6BitBbLNqGbjyp9yxEAXky,reggae,Love And Affection,Various Artists,0.601,0.694
53K74TLaxUkESoHNBeGL4W,reggae,Blessed,Capleton,0.906,0.81
6cZXoWNBcIyDm5XBFz18ey,reggae,Soldiers,Steel Pulse,0.66,0.292
1rDJeTMc1lmblrMOalCr5x,reggae,Telephone Ting,Kiprich,0.694,0.543
1ryuZ77kDQ6bFYjXd3mTWQ,reggae,Behold - 2000 Digital Remaster,Culture,0.966,0.683
04e7ShzjEkOos7fxaC6ljd,reggaeton,Monalisa - Radio Edit,Alkilados,0.706,0.812
3KINLumBmgsyNhlSR6Szmq,reggaeton,Dale Don Dale Remix,Don Omar,0.195,0.796
7GKW0BK2zuxKMpQyJ5GwcF,reggaeton,Dandole - Remix,"Gocho ""El Lápiz De Platino""",0.865,0.752
5RLRHBJ29gGi7Wvpxg28IZ,reggaeton,Escápate Conmigo - Remix,Wolfine,0.76,0.89
4NCLHXgKBCuFAf6m20sFKj,reggaeton,Ponte Pa Mi,J Alvarez,0.598,0.707
0uTZ1ukJ8anAr7bR5DXiuJ,reggaeton,Mensaje De Estado,Daddy Yankee,0.514,0.828
4pg1CRAajCYbb1q2sZypPf,reggaeton,Echa Pa'lla (Manos Pa'rriba),Pitbull,0.961,0.806
5I76YtdZkFQReVgKppRd78,reggaeton,Mi Corazoncito,Aventura,0.961,0.639
24Ys3m6hKQJlftrhCYSwgP,reggaeton,Mi Vecinita,Plan B,0.87,0.836
4OzItoRZIFLBvQj3moebXi,reggaeton,Carita Angelical,J Alvarez,0.725,0.849
6RX5iL93VZ5fKmyvNXvF1r,road-trip,Irreplaceable,Beyoncé,0.509,0.694
6HzZhqXNyfJxuvQ9zfCc1U,road-trip,Faithfully,Journey,0.307,0.547
4DBkrkVzx7jxxIjxI6FYvz,road-trip,This Is How We Do,Katy Perry,0.8,0.633
303SXchvzZh2pCQBsjMmcR,road-trip,Rehab,Various Artists,0.747,0.852
0wqOReZDnrefefEsrIGeR4,road-trip,Hanging By A Moment,Lifehouse,0.435,0.864
5x9VIW2fS21JMswOt6AORI,road-trip,Classic,MKTO,0.8,0.781
6lUY6MoqGgPnA27PHYxem5,road-trip,Bulletproof,La Roux,0.682,0.882
5TM2eqdzfWPHklI7YnBmsD,road-trip,Blister in the Sun - 2002 Remastered Version,Violent Femmes,0.89,0.261
1mwt9hzaH7idmC5UCoOUkz,road-trip,Diamonds,Rihanna,0.369,0.674
2vX5WL7s6UdeQyweZEx7PP,road-trip,Walk This Way,Aerosmith,0.869,0.785
3IsWNivZZHYURT2kTIvBDU,rock,Just Breathe,Pearl Jam,0.283,0.348
47ojH5LeQhl1ZltSAHBEFF,rock,Don't Come Down,The Maine,0.69,0.907
4Gw1SXoN1MlAmdM3J1NjmR,rock,Found What I've Been Looking For,Tom Grennan,0.779,0.829
506YO37JuV40cnjeVuwlGD,rock,Common Ground,Our Last Night,0.218,0.872
3KYiA4vq6RPO1dE2XROXd8,rock,You Give Love A Bad Name,Bon Jovi,0.828,0.959
4c75xeSteTcgSSxRtsKqOJ,rock,House On Fire,Rise Against,0.592,0.95
5FQXMRDSTkn9fowDJ3kZo8,rock,You're Going Down,Sick Puppies,0.39,0.833
48UPSzbZjgc449aqz8bxox,rock,Californication,Red Hot Chili Peppers,0.328,0.767
19YmvsVCetCBeVj6O2mljR,rock,Still Breathing,Green Day,0.692,0.902
60a0Rd6pjrkxjPbaKzXjfq,rock,In the End,Linkin Park,0.4,0.864
2nVP9QNyvo0H1FoRkMAT9X,rock-n-roll,Boom Boom,John Lee Hooker,0.865,0.639
6crBy2sODw2HS53xquM6us,rock-n-roll,Tribute,Tenacious D,0.422,0.767
1NVd0iitjEKH8kQF7xdrTv,rock-n-roll,Race With the Devil,Gene Vincent,0.86,0.6
59CsbfwLNCAUGbBQV3Tki4,rock-n-roll,I Want It All - Remastered 2011,Queen,0.389,0.834
2NL4BBBSgypHnxUKmQdYcT,rock-n-roll,(Don't Fear) The Reaper,Blue Öyster Cult,0.559,0.931
56KqaFSGTb7ifpt16t5Y1N,rock-n-roll,Rock the Casbah - Remastered,The Clash,0.866,0.872
6ePcDDP1t0GHmIQSBd7FwY,rock-n-roll,Tutti Frutti,Elvis Presley,0.912,0.618
1Dr1fXbc2IxaK1Mu8P8Khz,rock-n-roll,When I Come Around,Green Day,0.814,0.909
7utRJ4BeYx85khzP3lKoBX,rock-n-roll,Tears in Heaven,Eric Clapton,0.312,0.242
6vLxsT7uxTqf51qazpvu3A,rock-n-roll,Kansas City,Various Artists,0.883,0.283
49E8SDVZ7BUyNAZZYfZdRx,rockabilly,Lucille,Little Richard,0.953,0.839
3p77WVkXeHl6s9DBaAtUjZ,rockabilly,Long Blonde Hair,The Top Cats,0.645,0.912
119PWdKmByTGpSY3Hmffnz,rockabilly,Every Little Thing,Carlene Carter,0.834,0.937
1eJYTHLOlaYB6X9OJMDVSr,rockabilly,Transvestite Blues,Various Artists,0.628,0.797
7cGd6TYCtcgA7v0qCFm1IR,rockabilly,They All Fall Down,The Creepshow,0.732,0.898
0k5Wnvp518YIIDnlWgbxAW,rockabilly,Hell Of A Ride,John Lindberg Trio,0.561,0.828
29RQPGb5mqsaUu0ym283bl,rockabilly,Am I Blue,The Go Getters,0.764,0.797
1bpNhh5Z84pLXUoXoooTlE,rockabilly,Wasn't That Good,Stray Cats,0.828,0.731
0vzAZYlzvMfP27F8QJGzsH,rockabilly,Hillbillies On Speed,Hillbilly Hellcats,0.695,0.957
21kxAKRc4AoePCd5IIPhl3,rockabilly,Roll Over Beethoven,Chuck Berry,0.838,0.935
5KL4iZkCTZyXl7KnHgfVDj,romance,"You Need Me, I Don't Need You",Ed Sheeran,0.927,0.837
37qI0mchgzUSeUhPiwUWPY,romance,Wherever You Will Go,The Calling,0.354,0.696
43ddJFnP8m3PzNJXiHuiyJ,romance,The Way I Am,Ingrid Michaelson,0.32,0.259
3xZMPZQYETEn4hjor3TR1A,romance,Angel,Sarah McLachlan,0.125,0.0744
4pGqFOfzvfe6avb9kbZicC,romance,Sweater Weather,The Neighbourhood,0.414,0.615
2DLfVnmabQqX3g3dnfvBe2,romance,Every Time I Close My Eyes (with Kenny G),Babyface,0.277,0.414
2RVHIJWVyGR499tMMQyffm,romance,The Story,Brandi Carlile,0.217,0.504
0w9LJae3sVlZlH2CnxTInF,romance,God Gave Me You,Blake Shelton,0.543,0.844
0rpIH5otu7ykvZPdcQuRPh,romance,Chasing Cars,Snow Patrol,0.144,0.595
766RKRQ1ZJjmdBQ9y54HKj,romance,Animals - Original Mix,Martin Garrix,0.0376,0.866
5bxythiVpxTD2nHZMmD8m1,sad,I've Given Up on You,Real Friends,0.313,0.377
2dLLR6qlu5UJ5gk0dKz0h3,sad,Royals,Lorde,0.337,0.428
5IyblF777jLZj1vGHG2UD3,sad,Off To The Races,Lana Del Rey,0.113,0.721
7J41dYQolQJEtj3UmKLu5r,sad,U Got It Bad,Usher,0.649,0.5
5NTA3dsB2DlLaSG1KM6RTh,sad,The River,Bruce Springsteen,0.594,0.554
1U3EUfrbWsyjm0mjvRngQA,sad,Condolences,Touché Amoré,0.0389,0.186
1JR0kZfJpeNPJKo4HhdQJP,sad,Love Story,Taylor Swift,0.285,0.63
7HSZigV3SjVlKrCfz2iR28,sad,Teen Idle,MARINA,0.374,0.651
64XaqRfp8sxAWM5qd6t7jG,sad,Life Of The Party,Shawn Mendes,0.166,0.616
2L9fZnRcYATpDl0wv95q82,sad,Love is a Laserquest,Arctic Monkeys,0.554,0.662
68wIIN8cs0CmJ7K9sIQZEO,salsa,Si Esa Mujer Me Dice Que Si,Frankie Ruiz,0.968,0.857
428Qg12IuM1ZNE9B94cMxW,salsa,Melao De Cana,Celia Cruz,0.921,0.557
22HTExPWv7s5G06AzFFFpE,salsa,Ella Menea,NG2,0.932,0.911
3vCeDhrInX8te6SoaqZbvu,salsa,La Dueña del Swing,Various Artists,0.812,0.915
6yvcpfy4ZuZqISFCYkYO31,salsa,Tú Me Haces Falta,Eddie Santiago,0.928,0.794
0vVkF4i1QBigjfvRpaFamh,salsa,Miserable,Grupo Niche,0.883,0.637
3QdCs5TFVT2LOIiAemrHKP,salsa,Ntoman,Africando,0.926,0.726
6i2YA4WM3FqwyO7UX7XWbx,salsa,Zumba,Don Omar,0.838,0.9
1eypusXwBlJEB2szWrb15N,salsa,Plato De Segunda Mesa,Héctor Lavoe,0.665,0.696
6oVwRN6SJEbeEC0LxAeVYd,salsa,No Me Conoces,Marc Anthony,0.68,0.59
3AZa93moKCbZjni1fuUGhd,samba,Um Samba No Bexiga,Adoniran Barbosa,0.666,0.321
2KsItuGit52U6lPbztzmpk,samba,Onde a dor nao tam razao,Paulinho Da Viola,0.795,0.515
1ZB5Nd8505cZwHSv2WBFZl,samba,Simples (Easy),Terra Samba,0.91,0.8
4SWmHBMsrjOjIER0bV35ko,samba,Rue de Mes Souvenirs - ao vivo,Orquestra Imperial,0.395,0.365
2KqPA1WVhgo9ExYibSV6NQ,samba,Do Lado Direito da Rua Direita,Os Originais Do Samba,0.953,0.827
6HUkigunAKeuiREyYBftKD,samba,Afluentes,Emílio Santiago,0.536,0.58
6cQnKHEDApVRrQfv3bM0eb,samba,Recado Que Maria Mandou - Ao Vivo,Luiz Melodia,0.951,0.757
3LKIkb5YapTVuwdrl0flN2,samba,Sambaê,Timbalada,0.872,0.869
4chbA0YTFShKDeIdKW5SPX,samba,Batucada Beach II,La Banda Del Diablo,0.835,0.912
3u1dxH8Hqu8jQYzW06vRb6,sertanejo,Lua,Téo & Edu,0.436,0.631
1t12UzEsdl7YCIbLNOvfP5,sertanejo,Foi o Johnnie,Various Artists,0.939,0.905
5NWFrs1twlLnh3WFvDqjtD,sertanejo,Everest,Luan Santana,0.602,0.853
3PXupK4hcq7dDf2Qyl3MUY,sertanejo,Ao Vivo e em Cores - Ao Vivo,Victor & Leo,0.614,0.774
2bMRSdguqNEI3wWnqHnH3D,sertanejo,Doce Mel,Leonardo,0.765,0.745
1dEVQ2e8cx6kN8cV4VkBHw,sertanejo,"Chora, chora",Gusttavo Lima,0.896,0.88
2Urgx3l2nrdIV8bwSvNDiX,sertanejo,Cervejaria,Edson & Hudson,0.998,0.911
2a5Lx3awaFaxKIwXZs4PxB,sertanejo,Descartável,João Carreiro & Capataz,0.861,0.924
4t9DnMlDl9sDE7byB1HwBr,sertanejo,Marquinha,Téo & Edu,0.857,0.869
2EOj66zGUBJN7XKO16WyjB,sertanejo,Vontade Dividida,Various Artists,0.453,0.623
3IWEKGWFUdBNxXVaPNnnV3,show-tunes,Rock N' Roll Party Queen - From “Grease” Soundtrack,Various Artists,0.962,0.59
7sKQFjbD7nMuAV5dAOsLx5,show-tunes,Love Heals - Bonus Track,RENT Soundtrack,0.329,0.611
03m03OVQGPuzt8Rw2r0a7t,show-tunes,Do You Hear The People Sing?,Les Misérables Cast,0.541,0.393
2oZJATBTxf2JPdYsjF1jiM,show-tunes,"Mr. Mistoffelees - 1981 / Musical ""Cats""",Andrew Lloyd Webber,0.773,0.69
3IPnBzGRMg6BfViFxxa0Gq,show-tunes,"Love Is an Open Door - From ""Frozen""/Soundtrack Version",Various Artists,0.537,0.637
2RVei4MAwAu0qCQiECU7FC,show-tunes,Blood In The Water,Original Cast Recording,0.535,0.292
3SRXNxSSL7xSImE9Wm0eNb,show-tunes,It's Gonna Be Good (Reprise),Original Cast Recording,0.698,0.251
2JAEyonTQpALpkyoBrcC8O,show-tunes,Wait,Various Artists,0.193,0.199
5riyKw7fkPQRBeGPg35Dqr,show-tunes,Close Every Door To Me,Andrew Lloyd Webber,0.158,0.197
0pZyHZAmFl7OncYfW2STfH,show-tunes,Take Me as I Am,Jekyll Hyde,0.0427,0.212
3TM3i2nMerIfP8aZyhhSOi,singer-songwriter,A Moment's Grace,Boy & Bear,0.091,0.276
3oAHuXFJ2L7V5As4jXsXAZ,singer-songwriter,Perfect Darkness,Fink,0.303,0.443
6gxycjJNMgmAyfzUXBN80P,singer-songwriter,Goodbye My Lover,James Blunt,0.273,0.261
4TjrIZw2QxJxbVjdc3XKsj,singer-songwriter,I'll Have To Say I Love You In A Song,Jim Croce,0.733,0.545
5XY2CyLE68jlt7nNj5ygVh,singer-songwriter,I Don't Wanna Love Somebody Else,A Great Big World,0.345,0.22
2cOVVlXdfMt2VfwVCWegcE,singer-songwriter,Heart of Gold,Birdy,0.309,0.623
3LcYYV9ozePfgYYmXv0P3r,singer-songwriter,Fire and Rain,James Taylor,0.36,0.35
65EK5h5IS7wCkAeaatbdgg,singer-songwriter,Autumn,Paolo Nutini,0.327,0.0818
5mb6SzBnxv1ywFSH9V3uxd,singer-songwriter,Delicate,Damien Rice,0.147,0.144
3A5FHSH0zRriwXFXl8tLQZ,singer-songwriter,One Life,James Morrison,0.352,0.446
4xq1uCWPuNhSXkanBcPFYA,ska,Veronica Sawyer - Best Of,Reel Big Fish,0.913,0.9
5VlyVXc8ymdm51XpyTnbTK,ska,Caught Inna Rut,King Prawn,0.853,0.854
0BvtEvt2oftqEAwOLl4ujT,ska,Lost It,The Hippos,0.503,0.98
3gbHxNbHTZMGAFMRrTyyXE,ska,Mendoza,Mustard Plug,0.857,0.935
74pF6w43MqjPJjcptRNhWB,ska,Room Without a Window,Operation Ivy,0.975,0.93
3PhKYjccLlNja5cSFnMlr3,ska,Rocking Away,The Skatalites,0.716,0.653
7oRuWZRUseQ4TTkOqzq5dz,ska,Emergency,Suburban Legends,0.733,0.972
7zFrv0GnuFGEI7lT1Z7mZf,ska,Valerie,Reel Big Fish,0.549,0.855
1kWja6NVaLZThMop9MYVDz,ska,Wrong Way,Sublime,0.916,0.667
0MhCb3iakymVqQIOeYPSUf,sleep,Soldier,Gavin DeGraw,0.49,0.74
6nek1Nin9q48AVZcWs9e9D,sleep,Paradise,Coldplay,0.212,0.585
7MSSWChwQhNVncz2ZQlJFp,sleep,A Drop In the Ocean,The District,0.54,0.497
0c4IEciLCDdXEhhKxj4ThA,sleep,Madness,Muse,0.218,0.417
7J4gq1xNP3IsG6lDk0eSa7,sleep,Take Me to Church,Hozier,0.386,0.661
7zHKR4J6DYRFj1ZBq1jZxQ,sleep,Lesson Learned,Ray LaMontagne,0.313,0.111
0GNI8K3VATWBABQFAzBAYe,sleep,Stay,Rihanna,0.125,0.31
5U8hKxSaDXB8cVeLFQjvwx,sleep,The Monster,Eminem,0.567,0.85
2SMn57cBVxoD4TArscpovk,sleep,Islands,The xx,0.707,0.472
0wWsTchZIG0Oypf8BDnVMk,sleep,Below My Feet,Mumford & Sons,0.149,0.452
1NpUBMNQ4rnpwENnW2cSCu,songwriter,Raging On,Mike Doughty,0.429,0.883
3tQM8teBPPumB7tPOwmqBL,songwriter,Stranger In A Strange Land,Leon Russell,0.596,0.478
3oLKEO5NCdf2Zi3mBzKaAs,songwriter,Diamonds And Rust,Joan Baez,0.273,0.347
4UmkobQ6ToRX13hoMdiKJ0,songwriter,Wenn Du nicht so geil wärst,Peter Wolf,0.916,0.867
6qS6tQgywu5pq56dk3P9kQ,songwriter,May You Never,John Martyn,0.735,0.227
3zmrMMmyUUNNQFBcsmhNuo,songwriter,For A Nightengale,Fionn Regan,0.337,0.337
0QAZgZkHYERH1rYN3u8Gci,songwriter,If You Could Read My Mind,Gordon Lightfoot,0.223,0.24
6H4oZNRzHlEbBxgAuzvSl7,songwriter,Lowdown,Etienne Charry,0.86,0.841
3CeGVMZcCWSSCdOfcaHJnd,songwriter,Mr. Pitiful,Matt Costa,0.778,0.714
2M4ONDutAUPb6AbRpQjfLm,songwriter,Soul,Songs: Ohia,0.0997,0.114
3DkaXDmC0qaFNAxgLMuwX4,soul,Dontchange,Musiq Soulchild,0.2,0.526
3DUNaBEHqpXsrY7sXWlWpX,soul,Ben,Michael Jackson,0.303,0.132
3seflYvRN3gmh50Iih5yMd,soul,U Know What's Up,Donell Jones,0.868,0.482
7K09L0XlSGoRM8v8V6aXZ9,soul,Give Up The Funk (Tear The Roof Off The Sucker),Parliament,0.91,0.729
2OPANrnimcwWcVQuDk8ibD,soul,100 Yard Dash,Raphael Saadiq,0.927,0.876
0bHs3ly4Bv5BlzE3KrePfX,soul,Golden,Jill Scott,0.593,0.558
1oM6VZma2gPmhnczmhRKVw,soul,Everybody Loves The Sunshine,Roy Ayers,0.565,0.719
71mz64uiJBeBG39iCG4n04,soul,Hey Brother,Aloe Blacc,0.855,0.742
0tXq1ob3ysGZN2oK1abtyp,soul,Lifetime - Remastered 2021,Maxwell,0.528,0.403
3vblUuEXmXYsFEZkFLIV4x,soul,Sunday Kind Of Love,Etta James,0.367,0.238
53tBlhuTiQzF0N1WQuQJPB,soundtracks,Star Trek - End Credits - incl. Theme From Star Trek - TV Series,Michael Giacchino,0.0803,0.392
38AWJo4ElYxVNXDG5NZVkM,soundtracks,P.S. I Love You - 05:11,John Powell,0.377,0.0291
4bMLzhlxn0fGYaANMUWa6f,soundtracks,Booby Trap,James Newton Howard,0.0386,0.177
5nWbbQ0sIEabqPxAdqmh66,soundtracks,Sweet Disposition,Various Artists,0.347,0.804
7Ma4XgLDtkEnP6q6Jn3YmN,soundtracks,I Didn't Mean It - Vibey Version,Various Artists,0.763,0.784
3bvQ0jV25RWryznubbE3ky,soundtracks,Journey to the Line,Hans Zimmer,0.0342,0.0923
44MUVdZZk37Dst7HslsicL,soundtracks,Soccent Attack,Various Artists,0.235,0.634
2LcV5dZWN47XVCVZ1dFwfQ,soundtracks,You Never Can Tell - 1964 Single Version / Mono,Chuck Berry,0.929,0.837
6jTYkPw8GYo2bBVNzzslfp,soundtracks,"Wolves - From ""Frozen""/Score",Various Artists,0.0366,0.429
2wbQpue7VcJQYFkjeEocII,soundtracks,"All My Loving - From ""Across The Universe"" Soundtrack",Various Artists,0.417,0.494
7zteNrLJJwjGa8e2IodVOp,spanish,Me Colé en una Fiesta,Mecano,0.883,0.982
0XPayKZFFZA2PwSRNi1pVU,spanish,Terriblemente Cruel,Leiva,0.615,0.831
7nuvJjaHyyJQKiyCQ9XCPZ,spanish,Restos De Abril,Camila,0.311,0.306
1SGpOusZOaKgoyicqZv5MW,spanish,Mi primer millon,Bacilos,0.909,0.924
5SMdW9cbM4wTMMPI8Ck08a,spanish,Me equivocaría otra vez,Fito y Fitipaldis,0.822,0.748
3lnC24qdd2kl0k3uIjruMM,spanish,Hermoso Cariño,Vicente Fernández,0.43,0.415
53AdGgVPCP8P4CutTFKJ1V,spanish,Un Buen Dia,Los Planetas,0.579,0.922
53DO5Ly0uZEkEUk0ZaZooX,spanish,Buscando El Sol,David Otero,0.572,0.937
4pUmQqaZklcCOB3rFdWc7g,spanish,Valió la Pena - Salsa Version,Marc Anthony,0.855,0.704
4MK30zdOpWTvpE6UoJukIp,spanish,Me Cuesta Tanto Olvidarte,Enrique Iglesias,0.327,0.496
2WZyfujzMweFLnozyUJBkW,study,Boston,Augustana,0.29,0.571
2WWkBERKDC4MZN8nhiAdQQ,study,Fiction,The xx,0.642,0.362
7KrtyMeCLBdxIUlFel7GLI,study,Zi-Zi's Journey,Lindsey Stirling,0.183,0.821
6wDKGtbPpF9xPMRv7bswQN,study,Dead Sea,The Lumineers,0.472,0.319
3oZKVe0QVMArW3QgaER8rs,study,Flight to the Ford,Various Artists,0.0427,0.08
6d9IiDcFxtFVIvt9pCqyGH,study,Sparks Fly,Taylor Swift,0.374,0.787
1EzrEOXmMH3G43AXT1y7pA,study,I'm Yours,Jason Mraz,0.718,0.457
422XLdWf68no95NfLw5I0g,study,Scarborough Fair,Relaxing Piano Music Consort,0.214,0.186
2tC3NZsLgXr9CXvOKon19c,study,I Want Crazy - Encore,Hunter Hayes,0.558,0.878
4w0mTXaAAMhNH4qF0fniCC,summer,Touch,Shift K3Y,0.6,0.907
5tXyNhNcsnn7HbcABntOSf,summer,DJ Got Us Fallin' In Love,Usher,0.669,0.878
0Ph6L4l8dYUuXFmb71Ajnd,summer,Livin' la Vida Loca,Ricky Martin,0.933,0.954
0GO8y8jQk1PkHzS31d699N,summer,Tongue Tied,Grouplove,0.371,0.936
53Pgsvu3qSYO2aXt5J2vcL,summer,Lego House,Ed Sheeran,0.565,0.637
2RUFzxyUlI36KKy9Agkqze,summer,POWER,Kanye West,0.553,0.907
1RJZLVGpBG9nNZiHRQSWTp,summer,Recess,Skrillex,0.132,0.93
5rTZToEwovN6JEBcPps7Ph,swedish,Sjösala vals,Evert Taube,0.631,0.266
57SNUEngomVJnhEB3fgJky,swedish,Så skimrande var aldrig havet,Various Artists,0.254,0.0644
6a41rCqZhb2W6rpMolDR08,swedish,Vara vänner,Jakob Hellman,0.714,0.511
0fbyHCbGs4F9B8I2BqAvOq,swedish,Ett Snedsteg Bort,Kapten Röd,0.727,0.512
4eZFGTChrAaGk0l4hMXamC,swedish,Broder del. 2,Labyrint,0.661,0.784
5qFctlq6LI01bQYQmqWaje,swedish,Naiv,Dani M,0.854,0.85
2Yn6vsLl96OFN1HCySrC2A,swedish,Satellit,Ted Gärdestad,0.955,0.78
3sf2VtDXw6mALvtAy0bKWu,swedish,Själen av en vän - Radio Edit,Ken Ring,0.749,0.427
1KyjHfi9yc3c0jI0PKSnN8,swedish,Gör min dag,Petter,0.786,0.94
3ze452XofBjygNhbn0aeBh,swedish,FF,kent,0.95,0.912
6golelYKuy85o3u0cxIxFK,synth-pop,The Wire,HAIM,0.525,0.635
0as5gLeOM6BuDOCsQzQb73,synth-pop,Come Over (feat. Stylo G),Clean Bandit,0.669,0.782
5mSjJvTv9l5X2CblEa2ehN,synth-pop,Gunshot,Lykke Li,0.35,0.621
38tKqQuqodiUYOsw6HWyeQ,synth-pop,Break the Rules,Charli XCX,0.818,0.926
432bTTNTIOsX2KJzuYmrKP,synth-pop,Digital Witness,St. Vincent,0.891,0.45
0QMK2WVjKy3iKdqajgDB1P,synth-pop,Strong,London Grammar,0.297,0.397
1YLJVmuzeM2YSUkCCaTNUB,synth-pop,Dog Days Are Over,Florence + The Machine,0.245,0.81
48O0GrGJWml3DzHhC5sJ7a,synth-pop,Karma Chameleon,Boy George,0.934,0.577
78J9MBkAoqfvyeEpQKJDzD,synth-pop,Step,Vampire Weekend,0.624,0.724
1CRyWUoZbMjE9ygx2PgCtW,tango,Fumando Espero,Various Artists,0.835,0.459
1RzUUVwajBO5I9aetdCzP4,tango,Don Juan - 2ª Versión,Carlos Di Sarli,0.447,0.261
3yS6B6ZZcKC9OoNscLjIBe,tango,Verdemar,Carlos Di Sarli,0.324,0.168
28SjH8fOdqfJkrFoTweI2W,tango,Cascabelito,Various Artists,0.359,0.335
2poRxB52fzDvW3LofYqFVC,tango,Felicia,Juan D'Arienzo,0.748,0.334
170RJ3CN1Ss8fQbCnHMhVJ,tango,Viejo porton,Rodolfo Biagi,0.9,0.348
0m7kW7fbr4yn5FMKMO2CH5,tango,Pampero,Osvaldo Fresedo,0.373,0.292
7zAT8bZ3Koknr9lZ8ucLqb,tango,Vuelvo al Sur,Astor Piazzolla,0.119,0.113
2tVv7YO8qTcdnHvnnoIvsj,tango,La Cumparsita,Juan D'Arienzo,0.471,0.182
3IrrdIsEhaH5zYkpXDsnip,tango,Diferente - versíon orquestal,Gotan Project,0.269,0.353
043vxbUHxQErHDIe7zuC0O,techno,Just One Last Time (feat. Taped Rai),David Guetta,0.208,0.814
4xr1Azj8mCbz6u8CITf8ef,techno,One,Swedish House Mafia,0.212,0.731
3ZUMC5OazTA8QtLpdlPdz9,techno,Sleepyhead,Passion Pit,0.764,0.971
2uM8EuKY4FjY8n2JcENJfM,techno,Superliminal,deadmau5,0.0365,0.617
1gihuPhrLraKYrJMAEONyc,techno,Feel So Close - Radio Edit,Calvin Harris,0.919,0.924
0HadrlP2mwJidGF3pyBX4H,techno,Alive,Daft Punk,0.0748,0.716
3xcv3R9LGJkprp0EOQvdNt,techno,Everyday - Netsky Remix,Rusko,0.102,0.933
1wTIfN5cxjaJPDdoVqrfDu,techno,Top Of The World,The Cataracs,0.574,0.855
1KiWN1bwgN14bzjTKSO3T2,techno,Stampede - Original Mix,Dimitri Vegas & Like Mike,0.158,0.52
6io32OJG2Ux35ofM61dBdR,trance,Feel It In My Bones,Tiësto,0.233,0.881
2EbFIBSqIglvTZdvPv20Bi,trance,Miracle - Above & Beyond Club Mix Album Edit,Oceanlab,0.242,0.878
6APMhJwtqQMf7jDzqkNYgf,trance,In And Out Of Love (Extended),Armin van Buuren,0.516,0.62
7umGHsT4iqdUv0eZWcbmuf,trance,Time Of Our Lives,Paul van Dyk,0.107,0.858
197LfPzqeeWKDjZYRtZEtp,trance,Time & Tide - Gareth Emery Remix,Bobina,0.609,0.82
5GBDHYmopbFomFg70LQxc8,trance,God Is a DJ,Faithless,0.391,0.901
2z46Lca94MEycjQ3yt3JWq,trance,Take Me Away - Original Vocal Mix,Tommie Sunshine,0.337,0.741
2LLOyJxpLdhbCs08pdST0s,trance,Black Hole - Jorn van Deynhoven Remix,Armin van Buuren ASOT Radio Top 20,0.156,0.945
6imy9JF44T8WKqh9h7cRM1,trance,Rain,Armin van Buuren,0.377,0.634
70gmuuu8obftUU0z0mIKkb,trip-hop,I Neva Dared,Module,0.737,0.775
1OMZr4FbgMUKiPBiERtaMJ,trip-hop,Coalition,Tricky,0.744,0.871
0XiHcuUEf1wmvmX1cOaVR9,trip-hop,Eyesdown,Bonobo,0.183,0.455
6PwRlXYsAUaJQzUW5LoqrM,trip-hop,Gained The World,Morcheeba,0.796,0.506
785Qya5mtMUwBQtuypVqrx,trip-hop,All Mine,Portishead,0.342,0.656
79XADGXmqoq20IzKzFEfQF,trip-hop,My Life ft. Detin8,Roger Molls,0.192,0.866
31NspAHeQQAtTdMnR1yfit,trip-hop,Car Crash,Tricky,0.4,0.628
6CcfKby76FHMnUm5tVYU0M,trip-hop,Tape Loop,Deceptikon,0.145,0.39
363BOhULdeiNn9cMrdEGQ8,trip-hop,Hatoa,Bonobo,0.335,0.443
0M9vdAMu8Ac1AB1H1mpvBx,trip-hop,Butterfly Caught - 2006 Digital Remaster,Massive Attack,0.0925,0.786
4DDMXN0aa2RLeR51FX186y,turkish,Bana Öyle Bakma,Teoman,0.346,0.377
6q8r2Wwl8SPKz9f4RfExGP,turkish,Yalanmış,İbrahim Tatlıses,0.891,0.836
4lCv7b86sLynZbXhfScfm2,turkish,Firework,Katy Perry,0.649,0.826
4KTeeyIWQTwXWI7hw0boRK,turkish,Yaralı,Bengü,0.602,0.651
1dwAnaN48yzatzkDmlLu6R,turkish,Resimdeki Gözyaslari (Apaslar),Cem Karaca,0.422,0.604
1r3Ivsa4fDwtWb8vvsQeus,turkish,İkili Delilik,Sezen Aksu,0.646,0.666
2rJojRundKuKFgbvmCAYva,turkish,Me And My Broken Heart,Rixton,0.516,0.775
3V9Cf4pENsRh02WTMJ726n,turkish,Divane,Yaşar,0.634,0.837
4c1HHhPYELgynaK14kQ3nO,turkish,Bana Sen Lazımsın,Rafet El Roman,0.451,0.761
2YhapA5E1qTZ1Ykw9Y86ql,work-out,Run Boy Run,Woodkid,0.34,0.959
3WibbMr6canxRJXhNtAvLU,work-out,B.O.B. - Bombs Over Baghdad,Outkast,0.653,0.978
5xrjJANQXCLXeMbNMugyaZ,work-out,Jubel - Original Mix,Klingande,0.194,0.472
7esvnbCJ4v9v6zvCDEJm0v,work-out,Reload (feat. Chip) - Radio Edit [Radio Edit],Wiley,0.643,0.906
6NdkzOSCLzmyV9Qc4DKhJ2,work-out,This Is What It Feels Like,Armin van Buuren,0.145,0.833
1nO67wic65N413c11zKxM7,work-out,Silhouettes - Original Radio Edit,Avicii,0.836,0.8
6dEnpbXyamib2EJnRhTt0G,work-out,Suit & Tie,Justin Timberlake,0.357,0.596
6SpLc7EXZIPpy0sVko0aoU,work-out,Misery Business,Paramore,0.731,0.906
6U5hUX40OWY6l0HaPUWElZ,work-out,Banquet,Bloc Party,0.856,0.939
2YVEQ4PKXE2Mx4Zu8ehRoB,world-music,Weyu Lárigi Weyu (Day by Day),Andy Palacio,0.877,0.436
6Jr3pEne9L6A8aV5MVOpQA,world-music,Jardin d'hiver,Keren Ann,0.547,0.307
2l8VGEjW1WX7DoAm7tKwdu,world-music,Sympathique,naïversaire,0.729,0.395
4Pl8ViAolRF4rK8QBMhKd9,world-music,Redemption Song,Bob Marley & The Wailers,0.698,0.259
1oNx664byWA9s4nJ5K8UOh,world-music,Chaghaybou,Tinariwen,0.446,0.866
1fZ6iiL0fil030L0ElZFSt,world-music,Imidiwan,Bombino,0.477,0.474
1oDATX0oMlqu03e3pclagF,world-music,Feed My Frankenstein,Alice Cooper,0.373,0.914
2STjPH9uGyNGmxcFqbtwdI,world-music,Juana,Mayra Andrade,0.893,0.6
2K15Edv21Uw9Cv5tBh8s9O,world-music,Bozos,Amadou & Mariam,0.935,0.774
2fA6J1uSMPjxnwRFg7iZIX,world-music,Aden Osamnat,Tinariwen,0.413,0.838
